departamento;provincia;ubigeo;pob2017;pob2020;pobreza;desempleo_n;ingreso_porc;nosec25;nosec25_porc;p65amas;p65amas_porc;p17amenos;p17amenos_porc;pmayorde5disc;pmayorde5disc_porc;hogarmonop;pobind;esp2dalengua;esp2dalengua_porc;vivprecaria;hacinam;carret_asfalt;adultos_hta_freq;adultos_hyperchol_freq;adultos_ecv_freq;adultos_asma_freq;adultos_epoc_freq;tabaco;cancer_c;cancer_d;vih;obes_imc30_freq;adultos_diabetes_freq;densidadpob;mortalidad_iras;mortalidad_irasx100000;n_camas_hospitalarias;n_camas_uci;n_medicos;n_ventiladores;gastoregsalud_porc;gastoxcapitasalud;labcovid;n_emergencia;desempleo_porc;hogarmonop_porc;hacinam_porc;hta_porc;coles_porc;ecv_porc;asma_porc;epoc_porc;obesidad_porc;diabetes_porc;cancer_n;cancer_porc;camas_hospix100mil;camas_ucix100mil;medicosx100mil;ventiladoresx100mil;labcovidx100mil;emergenciax100mil
AMAZONAS;BAGUA;102;74100;84672;86;44750;733;20121;0;7352;0;32185;0;5712;0;13594;0;20583;0;1;13572;0;333;2040;28;105;167;16;108;610;588;2591;653;13;1;1;131;12;83;0;1;29;1;1;1;0;0;0;0;0;0;0;0;0;718;0;177;16;112;23;1;1
AMAZONAS;BONGARA;103;25637;26830;96;14029;646;9184;0;3253;0;9444;0;3035;0;4572;0;319;0;1;4016;0;737;731;14;34;146;16;25;127;819;770;113;9;3;12;52;0;16;0;1;29;1;2;1;0;0;0;0;0;0;0;0;0;152;0;203;0;62;23;4;8
AMAZONAS;CHACHAPOYAS;101;55506;63188;145;30192;945;14959;0;7311;0;19117;0;5586;0;9882;0;1635;0;0;6242;0;562;975;168;116;290;16;149;641;744;1265;129;17;10;18;245;23;94;12;1;29;1;1;1;0;0;0;0;0;0;0;0;0;790;0;441;41;169;23;2;2
AMAZONAS;CONDORCANQUI;104;42470;51344;7;30189;231;10642;0;1928;0;26643;1;901;0;7171;1;26157;1;1;7873;0;123;93;3;42;13;16;37;115;581;673;68;2;0;0;92;0;15;0;1;29;1;2;1;0;0;0;0;0;0;0;0;0;152;0;217;0;35;23;2;5
AMAZONAS;LUYA;105;44436;47827;27;27835;473;17733;0;6748;0;17910;0;4863;0;5904;0;701;0;1;6313;0;854;633;25;216;153;16;124;143;51;1630;144;14;1;2;108;0;28;0;1;29;1;1;1;0;0;0;0;0;0;0;0;0;267;0;243;0;63;23;2;2
AMAZONAS;RODRIGUEZ DE MENDOZA;106;29998;33651;97;16721;540;11671;0;4102;0;11591;0;3145;0;3924;0;653;0;1;4799;0;506;736;9;86;84;16;80;109;308;668;111;13;0;0;54;0;22;0;1;29;1;1;1;0;0;0;0;0;0;0;0;0;189;0;180;0;73;23;3;3
AMAZONAS;UTCUBAMBA;107;107237;119294;111;62307;828;35828;0;12169;0;43325;0;10020;0;18162;0;899;0;1;20375;0;1004;1054;34;254;146;16;86;684;75;1902;437;28;3;3;104;5;59;2;1;29;1;1;1;0;0;0;0;0;0;0;0;0;770;0;97;5;55;23;1;1
ANCASH;AIJA;202;6316;6433;104;3940;503;1988;0;1262;0;2204;0;593;0;989;0;2578;0;1;821;0;46;46;2;9;287;16;6;1;39;1146;10;9;0;0;5;0;5;0;0;45;0;0;1;0;0;0;0;0;0;0;0;0;7;0;79;0;79;11;0;0
ANCASH;ANTONIO RAIMONDI;203;13650;13950;64;9780;301;4182;0;2286;0;5877;0;1330;0;1735;1;10039;1;1;1663;0;107;140;13;7;9;16;12;20;0;713;14;24;1;7;6;0;9;0;0;45;0;1;1;0;0;0;0;0;0;0;0;0;32;0;44;0;66;11;0;7
ANCASH;ASUNCION;204;7378;7710;95;5459;526;2670;0;1469;0;2702;0;1159;0;958;1;5379;1;1;944;1;7;23;1;21;234;16;6;127;0;822;1;14;1;14;52;0;3;0;0;45;0;0;1;0;0;0;0;0;0;0;0;0;133;0;705;0;41;11;0;0
ANCASH;BOLOGNESI;205;23797;24012;121;15019;683;6669;0;4113;0;7796;0;2754;0;4621;0;6059;0;1;3061;0;71;525;7;32;244;16;13;72;257;1903;44;8;1;4;34;0;17;0;0;45;0;2;1;0;0;0;0;0;0;0;0;0;85;0;143;0;71;11;0;8
ANCASH;CARHUAZ;206;45184;50007;109;30566;495;17164;0;6811;0;15191;0;4935;0;6959;1;29912;1;1;6775;1;195;832;11;37;510;16;27;280;0;3798;119;56;39;86;51;0;35;0;0;45;0;2;1;0;0;0;0;0;0;0;0;0;307;0;113;0;77;11;0;4
ANCASH;CARLOS FERMIN FITZCARRALD;207;17717;18496;63;13694;331;6956;0;3460;0;7087;0;2030;0;2734;1;14630;1;1;2286;1;42;215;7;37;67;16;8;25;16;1019;10;28;5;28;16;0;8;0;0;45;0;3;1;0;0;0;0;0;0;0;0;0;33;0;90;0;45;11;0;17
ANCASH;CASMA;208;50989;57256;154;28123;966;11256;0;6314;0;17404;0;5120;0;11055;0;8003;0;1;7050;0;30;864;16;39;741;16;17;181;65;3571;63;23;3;6;69;0;27;0;0;45;0;1;1;0;0;0;0;0;0;0;0;0;198;0;135;0;53;11;0;2
ANCASH;CORONGO;209;7532;8017;60;5327;505;2774;0;1420;0;2527;0;758;0;936;0;909;0;1;879;0;132;66;1;24;240;16;4;9;0;444;23;8;0;0;14;0;4;0;0;45;0;0;1;0;0;0;0;0;0;0;0;0;13;0;186;0;53;11;0;0
ANCASH;HUARAZ;201;163936;185276;166;95143;903;32274;0;21501;0;53766;0;17343;0;33974;1;59861;0;0;21142;0;404;1679;185;454;818;16;417;1282;97;6952;476;66;35;21;309;16;184;6;0;45;0;1;1;0;0;0;0;0;0;0;0;0;1699;0;188;10;112;11;0;1
ANCASH;HUARI;210;58714;63264;108;40405;569;17776;0;8834;0;20941;0;6072;0;8844;1;40569;1;1;7773;0;365;1163;10;75;185;16;55;216;0;3951;121;19;4;7;85;0;41;0;0;45;0;3;1;0;0;0;0;0;0;0;0;0;271;0;145;0;70;11;0;5
ANCASH;HUARMEY;211;30560;33066;162;16723;957;5528;0;4064;0;9699;0;3313;0;6721;0;2356;0;0;4453;1;15;635;7;66;11;16;32;179;73;1406;7;8;5;16;18;1;23;0;0;45;0;1;1;0;0;0;0;0;0;0;0;0;211;0;59;3;75;11;0;3
ANCASH;HUAYLAS;212;51334;56557;80;33541;559;18729;0;7391;0;19514;0;4821;0;8888;1;26825;1;1;7302;1;220;1431;4;72;1226;16;19;251;76;2969;69;22;2;4;101;0;36;0;0;45;0;1;1;0;0;0;0;0;0;0;0;0;270;0;197;0;70;11;0;2
ANCASH;MARISCAL LUZURIAGA;213;20284;21787;18;16891;247;7475;0;3105;0;8635;0;2627;0;3078;1;17291;1;1;3104;0;103;254;0;61;131;16;4;38;0;1392;7;28;0;0;28;0;9;0;0;45;0;1;1;0;0;0;0;0;0;0;0;0;42;0;138;0;44;11;0;5
ANCASH;OCROS;214;7039;7224;125;3848;605;2215;0;1549;0;2095;0;903;0;1163;0;1275;0;1;1045;0;31;6;0;15;244;16;3;7;58;682;7;3;1;14;6;0;6;0;0;45;0;0;1;0;0;0;0;0;0;0;0;0;10;0;85;0;85;11;0;0
ANCASH;PALLASCA;215;23491;24371;9;16690;395;8264;0;3788;0;9744;0;1910;0;3886;0;659;0;1;2694;1;60;202;3;38;249;16;2;18;0;1662;22;11;3;13;55;0;20;0;0;45;0;3;1;0;0;0;0;0;0;0;0;0;20;0;234;0;85;11;0;13
ANCASH;POMABAMBA;216;24794;26675;58;19138;387;8980;0;3666;0;10523;0;2285;0;3921;1;19597;1;1;3326;0;122;284;2;37;212;16;14;114;14;3219;126;8;3;12;54;0;24;0;0;45;0;2;1;0;0;0;0;0;0;0;0;0;128;0;218;0;97;11;0;8
ANCASH;RECUAY;217;17185;18085;126;11818;542;5127;0;3637;0;5364;0;2326;0;3757;1;6994;0;1;2383;1;39;295;3;9;228;16;16;79;0;2003;16;7;2;12;8;0;23;0;0;45;0;1;1;0;0;0;0;0;0;0;0;0;95;0;47;0;134;11;0;6
ANCASH;SANTA;218;435807;474053;163;241710;1067;68015;0;58554;0;135100;0;54594;0;113551;0;14415;0;0;54638;0;1668;5754;282;1027;1388;16;531;5806;398;14330;2299;109;29;7;716;28;355;32;0;45;0;4;1;0;0;0;0;0;0;0;0;0;6337;0;164;6;81;11;0;1
ANCASH;SIHUAS;219;26971;28630;20;20698;309;9401;0;4136;0;11180;0;2422;0;4126;0;10293;0;1;3416;0;117;173;8;39;101;16;8;233;17;2297;25;19;1;4;64;0;21;0;0;45;0;2;1;0;0;0;0;0;0;0;0;0;241;0;237;0;78;11;0;7
ANCASH;YUNGAY;220;50841;55769;69;34102;398;20158;0;7377;0;18918;0;4794;0;7224;1;35057;1;1;7204;0;142;437;9;59;896;16;24;140;0;2384;64;184;11;22;79;0;19;0;0;45;0;1;1;0;0;0;0;0;0;0;0;0;164;0;155;0;37;11;0;2
APURIMAC;ABANCAY;301;110520;120116;134;63463;771;20628;0;12672;0;36671;0;11157;0;22324;1;55051;0;0;15820;0;479;4434;163;310;601;13;284;1065;53;9641;348;32;18;16;377;27;177;24;1;142;1;5;1;0;0;0;0;0;0;0;0;0;1349;0;341;24;160;25;1;5
APURIMAC;ANDAHUAYLAS;302;142477;150758;78;89694;501;42386;0;17783;0;53029;0;15005;0;21910;1;98904;1;1;20181;0;423;2560;89;135;913;13;128;1008;106;7284;203;36;11;8;330;16;175;4;1;142;1;13;1;0;0;0;0;0;0;0;0;0;1136;0;232;11;123;25;1;9
APURIMAC;ANTABAMBA;303;11310;11781;99;7795;436;3557;0;2068;0;3851;0;1516;0;2065;1;8497;1;1;1798;0;77;308;2;12;65;13;17;57;28;814;23;4;0;0;17;0;13;0;1;142;1;1;1;0;0;0;0;0;0;0;0;0;74;0;150;0;115;25;9;9
APURIMAC;AYMARAES;304;24307;24570;81;15850;414;8457;0;5090;0;7898;0;3001;0;3495;1;16971;1;1;3665;0;49;1830;20;79;115;13;18;40;0;3198;37;6;1;4;21;0;27;0;1;142;1;0;1;0;0;0;0;0;0;0;0;0;58;0;86;0;111;25;4;0
APURIMAC;CHINCHEROS;306;45247;46544;43;31565;359;14961;0;6868;0;17822;0;4341;0;6522;1;31662;1;1;6382;0;380;1477;20;62;161;13;30;276;38;2836;97;36;2;4;106;0;50;0;1;142;1;4;1;0;0;0;0;0;0;0;0;0;306;0;234;0;111;25;2;9
APURIMAC;COTABAMBAS;305;50656;55208;50;35532;402;14963;0;5640;0;19136;0;5123;0;6804;1;36580;1;1;7118;0;200;940;8;66;86;13;22;124;33;2203;79;19;2;4;157;0;46;0;1;142;1;5;1;0;0;0;0;0;0;0;0;0;146;0;310;0;91;25;2;10
APURIMAC;GRAU;307;21242;21759;42;16940;283;6676;0;3971;0;7907;0;2968;0;3302;1;17144;1;1;3536;0;213;1918;7;45;366;13;26;55;0;2120;43;10;1;5;15;0;24;0;1;142;1;0;1;0;0;0;0;0;0;0;0;0;81;0;71;0;113;25;5;0
AREQUIPA;AREQUIPA;401;1080635;1175765;187;538104;1190;107843;0;136180;0;312163;0;117409;0;274619;0;184019;0;0;122413;0;3214;9237;645;1949;7630;21;8750;10416;2598;38490;2713;112;149;14;2304;121;1223;87;1;17;6;8;0;0;0;0;0;0;0;0;0;0;19166;0;213;11;113;10;1;1
AREQUIPA;CAMANA;402;59370;61708;171;29560;1057;9807;0;7167;0;18090;0;5650;0;12489;0;10763;0;0;8426;0;515;2021;31;214;672;21;64;425;799;5748;651;15;23;39;105;0;79;0;1;17;6;2;0;0;0;0;0;0;0;0;0;0;489;0;177;0;133;10;10;3
AREQUIPA;CARAVELI;403;41346;43690;174;19347;1151;6855;0;4693;0;12890;0;3173;0;7648;0;7413;0;0;5555;0;225;524;9;94;387;21;27;131;294;2406;209;3;0;0;26;0;32;0;1;17;6;4;0;0;0;0;0;0;0;0;0;0;158;0;63;0;77;10;15;10
AREQUIPA;CASTILLA;404;33629;34743;155;16630;1066;7843;0;5511;0;11226;0;3550;0;6484;0;7465;0;0;4468;0;278;872;24;105;569;21;32;227;310;3812;203;5;1;3;98;0;72;0;1;17;6;5;0;0;0;0;0;0;0;0;0;0;259;0;291;0;214;10;18;15
AREQUIPA;CAYLLOMA;405;86771;97458;157;41951;1044;19997;0;10411;0;30244;0;9188;0;18337;1;30605;0;0;12982;0;551;989;34;179;251;21;120;692;1185;5358;345;6;5;6;86;0;122;2;1;17;6;3;0;0;0;0;0;0;0;0;0;0;812;0;99;0;141;10;7;3
AREQUIPA;CONDESUYOS;406;16118;16426;149;8132;1111;4172;0;2654;0;4955;0;1498;0;2577;0;4689;0;1;2240;0;120;261;5;33;104;21;15;39;201;1551;54;2;0;0;42;0;22;0;1;17;6;2;1;0;0;0;0;0;0;0;0;0;54;0;261;0;136;10;37;12
AREQUIPA;ISLAY;407;52034;54851;181;26058;1145;8492;0;8849;0;14914;0;6958;0;11144;0;7292;0;0;6754;0;379;801;18;321;610;21;50;214;246;3008;259;13;2;4;74;4;45;0;1;17;6;2;1;0;0;0;0;0;0;0;0;0;264;0;142;8;86;10;12;4
AREQUIPA;LA UNION;408;12827;12797;79;9150;386;4634;0;2506;0;4752;0;1451;0;1977;1;7392;1;1;2039;0;68;206;9;32;80;21;47;31;533;1266;28;3;0;0;17;0;27;0;1;17;6;2;1;0;0;0;0;0;0;0;0;0;78;0;133;0;210;10;47;16
AYACUCHO;CANGALLO;502;30443;32482;25;21835;307;11641;0;5351;0;11300;0;2967;0;5324;1;25372;1;1;4891;0;237;1886;11;42;1478;19;38;224;27;2471;89;16;1;3;126;0;46;0;1;19;1;6;1;0;0;0;0;0;0;0;0;0;262;0;414;0;151;3;3;20
AYACUCHO;HUAMANGA;501;282194;317801;132;162641;686;54195;0;27747;0;100537;0;27830;0;63481;1;144863;1;0;38217;0;1220;9045;220;279;5806;19;638;2383;130;18979;1130;95;29;10;509;18;291;9;1;19;1;18;1;0;0;0;0;0;0;0;0;0;3021;0;180;6;103;3;0;6
AYACUCHO;HUANCA SANCOS;503;8409;8341;55;5851;507;2904;0;1573;0;2890;0;1338;0;1612;1;6688;1;1;1043;0;93;599;1;13;482;19;10;44;116;1058;20;3;0;0;12;0;9;0;1;19;1;1;1;0;0;0;0;0;0;0;0;0;54;0;143;0;107;3;12;12
AYACUCHO;HUANTA;504;89466;97205;48;54619;454;24872;0;9514;0;35905;0;8185;0;19045;1;52162;1;1;14738;0;447;2407;4;94;1528;19;51;189;44;5358;185;23;0;0;132;0;65;0;1;19;1;6;1;0;0;0;0;0;0;0;0;0;240;0;148;0;73;3;1;7
AYACUCHO;LA MAR;505;70653;75277;36;41933;339;23797;0;7434;0;28771;0;5626;0;11168;1;50727;1;1;12898;0;196;3764;12;59;2173;19;78;352;47;6294;216;16;6;8;159;0;57;0;1;19;1;8;1;0;0;0;0;0;0;0;0;0;430;0;225;0;81;3;1;11
AYACUCHO;LUCANAS;506;51328;51838;67;31197;592;14812;0;10008;0;16591;0;6142;0;9651;1;24816;0;1;6896;0;402;2694;13;78;2372;19;61;244;82;4453;148;4;2;4;166;4;57;0;1;19;1;4;1;0;0;0;0;0;0;0;0;0;305;0;323;8;111;3;2;8
AYACUCHO;PARINACOCHAS;507;27659;29139;75;16649;638;6846;0;4160;0;9853;0;3499;0;4713;1;14377;1;1;3837;0;139;1086;1;29;1448;19;37;144;0;2648;48;5;0;0;61;2;32;0;1;19;1;1;1;0;0;0;0;0;0;0;0;0;181;0;221;7;116;3;4;4
AYACUCHO;PAUCAR DEL SARA SARA;508;9609;9909;112;5698;580;2426;0;1926;0;3064;0;1308;0;1984;1;4994;1;1;1297;0;144;650;1;28;480;19;6;49;0;1207;56;5;0;0;46;0;14;0;1;19;1;3;1;0;0;0;0;0;0;0;0;0;55;0;479;0;146;3;10;31
AYACUCHO;SUCRE;509;9445;9292;39;6281;500;2985;0;1997;0;3199;0;1003;0;1524;1;7266;1;1;1231;0;151;400;5;7;822;19;16;18;37;445;19;5;0;0;29;0;6;0;1;19;1;2;1;0;0;0;0;0;0;0;0;0;34;0;307;0;64;3;11;21
AYACUCHO;VICTOR FAJARDO;510;20109;19866;13;13491;430;7633;0;4394;0;6200;0;2461;0;3315;1;16414;1;1;2687;0;149;742;6;38;1061;19;10;30;1;1152;17;9;1;5;56;0;10;0;1;19;1;3;1;0;0;0;0;0;0;0;0;0;40;0;278;0;50;3;5;15
AYACUCHO;VILCAS HUAMAN;511;16861;17063;45;12678;351;7146;0;3714;0;5874;0;2396;0;2604;1;14428;1;1;2584;0;284;1446;10;18;899;19;17;45;33;875;57;14;1;6;25;0;11;0;1;19;1;2;1;0;0;0;0;0;0;0;0;0;62;0;148;0;65;3;6;12
CAJAMARCA;CAJABAMBA;602;75687;83167;15;50941;454;29872;0;9419;0;32242;0;5398;0;13317;0;426;0;1;10986;0;241;1066;26;34;46;12;80;367;15;1977;116;42;4;5;92;0;49;0;1;30;2;1;1;0;0;0;0;0;0;0;0;0;447;0;122;0;65;15;3;1
CAJAMARCA;CAJAMARCA;601;348433;388170;92;208075;891;90450;0;36729;0;123394;0;24785;0;72368;0;5768;0;0;47103;0;1875;1718;129;183;305;12;588;1310;43;9011;1044;117;16;5;491;63;357;34;1;30;2;8;1;0;0;0;0;0;0;0;0;0;1898;0;141;18;102;15;1;2
CAJAMARCA;CELENDIN;603;79084;83916;4;52449;365;32573;0;11102;0;31603;0;6564;0;14191;0;901;0;1;14146;0;469;1451;39;66;142;12;48;170;4;2865;157;30;3;4;61;0;28;0;1;30;2;1;1;0;0;0;0;0;0;0;0;0;218;0;77;0;35;15;3;1
CAJAMARCA;CHOTA;604;142984;151714;3;95416;463;60492;0;22301;0;51924;0;11965;0;25017;0;1769;0;1;26210;0;862;2837;53;297;707;12;163;832;32;7733;390;38;7;5;210;5;90;0;1;30;2;2;1;0;0;0;0;0;0;0;0;0;995;0;147;3;63;15;1;1
CAJAMARCA;CONTUMAZA;605;27693;29357;40;18321;657;10703;0;5091;0;9438;0;3449;0;5227;0;232;0;1;3746;0;176;1397;7;462;124;12;11;51;22;1479;142;13;0;0;69;0;22;0;1;30;2;3;1;0;0;0;0;0;0;0;0;0;62;0;249;0;79;15;7;11
CAJAMARCA;CUTERVO;606;120723;123948;5;76435;435;48555;0;16285;0;45337;0;11288;0;20220;0;1281;0;1;24514;0;1377;2998;25;327;223;12;111;809;22;4038;357;40;3;2;144;0;87;0;1;30;2;16;1;0;0;0;0;0;0;0;0;0;920;0;119;0;72;15;2;13
CAJAMARCA;HUALGAYOC;607;77944;83913;17;52664;490;36269;0;11276;0;26861;0;7142;0;12988;0;740;0;1;16419;0;305;821;11;64;74;12;43;229;6;2810;208;100;1;1;40;0;46;0;1;30;2;1;1;0;0;0;0;0;0;0;0;0;272;0;51;0;59;15;3;1
CAJAMARCA;JAEN;608;185432;203724;72;105870;809;53740;0;20195;0;69618;0;17215;0;33944;0;3297;0;0;32732;0;1543;5927;71;472;165;12;361;985;45;7859;1078;35;26;14;279;10;153;9;1;30;2;4;1;0;0;0;0;0;0;0;0;0;1346;0;150;5;83;15;1;2
CAJAMARCA;SAN IGNACIO;609;130620;145770;16;75537;429;44718;0;13020;0;57735;0;10080;0;19589;0;1644;0;1;23438;0;1045;3588;37;160;119;12;52;206;44;4652;468;26;2;2;65;0;47;0;1;30;2;1;1;0;0;0;0;0;0;0;0;0;258;0;50;0;36;15;2;1
CAJAMARCA;SAN MARCOS;610;48103;51678;6;34064;465;20716;0;6797;0;17830;0;3093;0;6818;0;420;0;1;7856;0;233;467;18;97;129;12;33;114;0;1868;61;35;0;0;43;0;24;0;1;30;2;3;1;0;0;0;0;0;0;0;0;0;147;0;89;0;50;15;4;6
CAJAMARCA;SAN MIGUEL;611;46043;47114;12;29894;470;20490;0;8718;0;15029;0;5113;0;7580;0;512;0;1;8028;0;82;1282;22;53;97;12;35;103;34;2453;82;18;1;2;113;0;22;0;1;30;2;1;1;0;0;0;0;0;0;0;0;0;138;0;245;0;48;15;4;2
CAJAMARCA;SAN PABLO;612;21102;22638;1;14588;393;8889;0;3260;0;7978;0;1797;0;3851;0;125;0;1;3051;1;46;432;10;12;19;12;26;72;15;893;42;31;0;0;24;0;10;0;1;30;2;1;1;0;0;0;0;0;0;0;0;0;98;0;114;0;47;15;9;5
CAJAMARCA;SANTA CRUZ;613;37164;38602;10;24106;524;13917;0;6757;0;12707;0;3816;0;5974;0;418;0;1;7187;0;246;771;7;106;35;12;25;87;0;1000;107;26;1;3;52;0;26;0;1;30;2;1;1;0;0;0;0;0;0;0;0;0;112;0;140;0;70;15;5;3
CALLAO;CALLAO;701;994494;1129854;158;512451;1162;89434;0;124005;0;303856;0;107878;0;238940;0;61078;0;0;127464;1;5424;22764;1165;3596;10012;27;1419;7336;911;45063;8033;6766;241;24;2189;111;1336;81;1;21;3;9;1;0;0;0;0;0;0;0;0;0;8755;0;220;11;134;8;0;1
CUSCO;ACOMAYO;802;22940;24000;70;16587;329;8614;0;3667;0;9249;0;3249;0;3469;1;18881;1;1;3180;1;90;142;3;1;218;14;7;28;35;632;27;24;1;4;35;0;15;0;1;36;3;3;1;0;0;0;0;0;0;0;0;0;35;0;153;0;65;14;13;13
CUSCO;ANTA;803;56206;63131;113;36387;437;16618;0;8320;0;20037;0;5961;0;8622;1;35851;1;1;8278;0;57;397;9;37;250;14;24;93;145;1927;18;30;2;4;44;0;28;0;1;36;3;4;1;0;0;0;0;0;0;0;0;0;117;0;78;0;50;14;5;7
CUSCO;CALCA;804;63155;71582;87;39542;464;20672;0;8082;0;24592;0;7668;0;9822;1;42671;1;1;10314;0;93;782;9;89;351;14;41;159;67;2795;51;14;5;8;86;0;38;0;1;36;3;3;1;0;0;0;0;0;0;0;0;0;200;0;136;0;60;14;5;5
CUSCO;CANAS;805;32484;34754;21;26203;208;12047;0;5190;0;13134;0;5073;0;5100;1;28332;1;1;4980;1;10;58;8;19;188;14;21;34;0;560;6;15;2;6;30;0;20;0;1;36;3;3;1;0;0;0;0;0;0;0;0;0;55;0;92;0;62;14;9;9
CUSCO;CANCHIS;806;95774;106476;115;57682;605;25588;0;12954;0;34407;0;12437;0;21207;1;59159;1;1;11735;0;189;676;71;44;225;14;100;420;43;3027;123;24;11;11;149;4;91;0;1;36;3;6;1;0;0;0;0;0;0;0;0;0;520;0;156;4;95;14;3;6
CUSCO;CHUMBIVILCAS;807;66410;70143;28;49686;393;24475;0;9804;0;26751;0;7818;0;10841;1;55001;1;1;9560;0;118;403;4;29;511;14;32;99;38;1682;15;12;12;18;67;1;47;0;1;36;3;5;1;0;0;0;0;0;0;0;0;0;131;0;101;2;71;14;5;8
CUSCO;CUSCO;801;447588;511019;184;214383;1196;42257;0;44873;0;140246;0;45294;0;95954;1;137050;0;0;46540;0;1054;3801;633;552;1785;14;3800;5602;157;10702;968;725;103;23;1179;36;569;61;1;36;3;5;0;0;0;0;0;0;0;0;0;0;9402;0;263;8;127;14;1;1
CUSCO;ESPINAR;808;57582;62059;107;37432;695;16385;0;7216;0;21703;0;7061;0;12737;1;37933;1;1;7062;0;42;164;2;15;233;14;35;250;9;1205;26;11;7;12;51;5;50;0;1;36;3;2;1;0;0;0;0;0;0;0;0;0;285;0;89;9;87;14;5;3
CUSCO;LA CONVENCION;809;147148;167910;128;82493;590;41595;0;17820;0;54760;0;16039;0;21253;1;76805;1;1;22975;0;650;2852;68;335;1106;14;393;1204;70;7962;632;5;0;0;351;3;141;0;1;36;3;18;1;0;0;0;0;0;0;0;0;0;1597;0;239;2;96;14;2;12
CUSCO;PARURO;810;25567;26644;57;18974;227;10967;0;4606;0;9321;0;2764;0;2750;1;22183;1;1;3902;0;109;86;3;7;113;14;21;56;48;631;35;13;2;8;24;0;14;0;1;36;3;3;1;0;0;0;0;0;0;0;0;0;77;0;94;0;55;14;12;12
CUSCO;PAUCARTAMBO;811;42504;47579;35;28326;235;17054;0;4650;0;19556;0;4072;0;5156;1;34251;1;1;7538;0;52;68;0;19;78;14;11;72;30;1219;19;7;4;9;47;0;21;0;1;36;3;4;1;0;0;0;0;0;0;0;0;0;83;0;111;0;49;14;7;9
CUSCO;QUISPICANCHI;812;87430;101735;62;60382;421;28968;0;9722;0;37961;0;8122;0;14176;1;60686;1;1;24703;0;316;413;5;47;140;14;58;113;151;3020;154;12;0;0;81;0;40;0;1;36;3;5;1;0;0;0;0;0;0;0;0;0;171;0;93;0;46;14;3;6
CUSCO;URUBAMBA;813;60739;70043;131;33780;827;14122;0;7325;0;21306;0;5095;0;8700;1;33160;1;1;7558;0;63;353;9;56;79;14;34;67;52;1314;41;42;7;12;45;0;35;0;1;36;3;5;1;0;0;0;0;0;0;0;0;0;101;0;74;0;58;14;5;8
HUANCAVELICA;ACOBAMBA;902;38208;37503;66;25330;269;13441;0;5012;0;15176;0;2572;0;6087;1;29407;1;1;5279;0;205;329;18;47;1064;17;42;297;137;1431;72;42;4;10;66;0;38;0;1;207;1;6;1;0;0;0;0;0;0;0;0;0;339;0;173;0;99;17;3;16
HUANCAVELICA;ANGARAES;903;49207;53901;33;35481;329;15682;0;6036;0;20913;0;4235;0;8872;1;34632;1;1;7178;0;235;890;9;12;831;17;69;334;30;1581;72;25;0;0;50;3;33;0;1;207;1;6;1;0;0;0;0;0;0;0;0;0;403;0;102;6;67;17;2;12
HUANCAVELICA;CASTROVIRREYNA;904;13982;14588;89;8373;555;4074;0;2796;0;5191;0;1809;0;3087;1;3748;0;1;2321;0;92;154;4;7;587;17;19;96;99;1111;26;4;0;0;24;0;30;0;1;207;1;6;1;0;0;0;0;0;0;0;0;0;115;0;172;0;215;17;7;43
HUANCAVELICA;CHURCAMPA;905;32538;33883;68;21002;360;11575;0;4787;0;13177;0;2883;0;5458;1;23835;1;1;4624;0;194;1882;11;62;984;17;45;106;85;982;75;30;3;9;31;0;29;0;1;207;1;4;1;0;0;0;0;0;0;0;0;0;151;0;95;0;89;17;3;12
HUANCAVELICA;HUANCAVELICA;901;115054;121265;91;75512;568;28662;0;15029;0;44831;0;11624;0;24518;1;60142;1;1;15923;0;720;1223;79;130;2668;17;173;1257;206;4999;194;27;21;18;226;16;159;19;1;207;1;17;1;0;0;0;0;0;0;0;0;0;1430;0;196;14;138;17;1;15
HUANCAVELICA;HUAYTARA;906;17247;18182;117;11750;574;5827;0;3911;0;5796;0;2277;0;3648;1;5870;0;1;2693;0;206;177;4;39;966;17;11;53;42;1174;30;3;0;0;31;0;36;0;1;207;1;3;1;0;0;0;0;0;0;0;0;0;64;0;180;0;209;17;6;17
HUANCAVELICA;TAYACAJA;907;81403;85995;52;50656;433;27867;0;11213;0;31814;0;7582;0;12810;1;50576;1;1;11830;0;128;696;27;104;3534;17;98;618;160;2900;48;24;7;9;97;4;83;0;1;207;1;15;1;0;0;0;0;0;0;0;0;0;716;0;119;5;102;17;1;18
HUANUCO;AMBO;1002;50880;53247;88;32634;471;18533;0;7696;0;18711;0;4286;0;8588;0;13071;0;1;9227;0;326;1412;4;116;88;16;45;88;105;3977;273;32;10;20;54;0;33;0;1;20;1;0;1;0;0;0;0;0;0;0;0;0;133;0;106;0;65;6;2;0
HUANUCO;DOS DE MAYO;1003;33258;32427;71;23466;549;10956;0;4628;0;13825;0;3469;0;6552;1;15463;0;1;5640;0;120;606;4;11;215;16;20;86;3;2152;56;23;2;6;83;0;20;0;1;20;1;1;1;0;0;0;0;0;0;0;0;0;106;0;250;0;60;6;3;3
HUANUCO;HUACAYBAMBA;1004;16551;16372;11;13174;337;5573;0;2148;0;7131;0;1207;0;3006;0;12652;1;1;1854;0;117;508;4;34;52;16;33;59;15;1015;29;9;1;6;3;0;9;0;1;20;1;0;1;0;0;0;0;0;0;0;0;0;92;0;18;0;54;6;6;0
HUANUCO;HUAMALIES;1005;52039;52095;73;34977;479;17915;0;7441;0;21057;0;5915;0;9817;1;28762;1;1;7436;0;336;1451;3;99;274;16;52;119;14;3874;212;17;4;8;67;0;43;0;1;20;1;1;1;0;0;0;0;0;0;0;0;0;171;0;129;0;83;6;2;2
HUANUCO;HUANUCO;1001;293397;315799;150;167160;829;64425;0;32127;0;102958;0;27285;0;68935;0;63822;0;0;39722;0;621;3777;149;536;590;16;364;1526;348;14024;925;73;80;27;437;28;273;19;1;20;1;2;1;0;0;0;0;0;0;0;0;0;1890;0;149;10;93;6;0;1
HUANUCO;LAURICOCHA;1010;18913;17114;93;12805;571;4956;0;2716;0;7114;0;1653;0;3363;1;4726;0;1;3306;0;54;425;6;17;144;16;22;32;17;1089;21;10;4;21;25;0;18;0;1;20;1;0;1;0;0;0;0;0;0;0;0;0;54;0;132;0;95;6;5;0
HUANUCO;LEONCIO PRADO;1006;127793;138275;156;71059;812;28947;0;11722;0;46987;0;12730;0;28759;0;18907;0;0;19130;0;948;3409;64;414;393;16;216;1163;87;6507;1360;26;12;9;235;11;85;0;1;20;1;1;1;0;0;0;0;0;0;0;0;0;1379;0;184;9;67;6;1;1
HUANUCO;MARAÑON;1007;26622;29160;77;18748;442;8993;0;2657;0;12118;0;2609;0;4253;0;6020;0;1;3385;0;158;559;2;78;220;16;8;58;84;1841;61;6;3;11;12;0;13;0;1;20;1;0;1;0;0;0;0;0;0;0;0;0;66;0;45;0;49;6;4;0
HUANUCO;PACHITEA;1008;49159;50086;37;31086;356;20143;0;4740;0;21583;0;3159;0;8664;1;24501;0;1;8308;0;106;513;6;131;115;16;46;225;17;2376;159;19;5;10;18;0;23;0;1;20;1;0;1;0;0;0;0;0;0;0;0;0;271;0;37;0;47;6;2;0
HUANUCO;PUERTO INCA;1009;32538;36987;137;18066;650;9801;0;2406;0;14952;0;2259;0;4407;0;3468;0;0;5565;0;215;949;5;96;116;16;20;52;84;2584;171;3;1;3;64;0;20;0;1;20;1;0;1;0;0;0;0;0;0;0;0;0;72;0;197;0;61;6;3;0
HUANUCO;YAROWILCA;1011;19897;18705;53;14952;269;7321;0;3501;0;8439;0;2074;0;4173;1;14025;1;1;3536;0;49;187;2;29;181;16;16;51;39;1367;18;26;0;0;7;0;19;0;1;20;1;0;1;0;0;0;0;0;0;0;0;0;67;0;35;0;95;6;5;0
ICA;CHINCHA;1102;226113;262110;195;116628;913;27431;0;26498;0;80512;0;22573;0;49174;0;7912;0;0;32543;0;552;3804;273;351;2326;16;362;1941;1340;8048;929;76;30;13;326;23;199;0;1;21;2;2;1;0;0;0;0;0;0;0;0;0;2303;0;144;10;88;12;1;1
ICA;ICA;1101;391519;445752;194;195401;1045;35499;0;47675;0;122100;0;41441;0;97259;0;30957;0;0;53974;0;2504;6314;687;1258;6177;16;3075;5270;1376;18189;4243;50;120;31;643;68;543;25;1;21;2;6;0;0;0;0;0;0;0;0;0;0;8345;0;164;17;139;12;1;2
ICA;NAZCA;1103;69157;78472;196;35474;994;8151;0;8254;0;21892;0;7904;0;17058;0;7673;0;0;9494;0;284;2038;31;123;805;16;63;684;658;4665;418;13;6;9;118;6;71;4;1;21;2;1;1;0;0;0;0;0;0;0;0;0;747;0;171;9;103;12;3;1
ICA;PALPA;1104;13232;14832;192;7281;942;2125;0;2167;0;4280;0;1588;0;3104;0;1092;0;0;2122;0;43;697;16;45;908;16;18;158;942;1480;52;11;1;8;45;0;24;0;1;21;2;1;1;0;0;0;0;0;0;0;0;0;176;0;340;0;181;12;15;8
ICA;PISCO;1105;150744;174016;193;81351;905;18109;0;16868;0;53519;0;14904;0;36118;0;9564;0;0;22537;0;924;4044;86;166;1179;16;136;987;892;7992;1195;38;33;22;250;8;130;0;1;21;2;3;1;0;0;0;0;0;0;0;0;0;1123;0;166;5;86;12;1;2
JUNIN;CHANCHAMAYO;1203;151489;167385;130;79790;702;35380;0;15414;0;58729;0;16062;0;31359;0;26659;0;0;25333;0;424;2650;125;266;2028;20;137;787;188;8150;399;32;14;9;214;9;128;4;1;17;4;4;1;0;0;0;0;0;0;0;0;0;924;0;141;6;84;33;3;3
JUNIN;CHUPACA;1209;52988;57604;153;29256;769;10468;0;8036;0;17471;0;5673;0;12679;0;6702;0;1;6932;0;99;1034;5;27;1047;20;41;130;237;1614;48;46;5;9;18;0;27;0;1;17;4;1;1;0;0;0;0;0;0;0;0;0;171;0;34;0;51;33;8;2
JUNIN;CONCEPCION;1202;55591;59138;122;33003;614;13692;0;8740;0;19799;0;6094;0;12267;0;5532;0;1;7842;0;97;452;1;31;1112;20;62;309;341;2027;29;18;4;7;60;0;31;2;1;17;4;1;1;0;0;0;0;0;0;0;0;0;371;0;108;0;56;33;7;2
JUNIN;HUANCAYO;1201;545615;595183;172;293370;930;74880;0;65304;0;174194;0;58305;0;140056;0;87291;0;0;64947;0;1442;3576;387;212;4608;20;1814;4514;877;10192;2186;153;143;26;1077;42;500;71;1;17;4;5;1;0;0;0;0;0;0;0;0;0;6328;0;197;8;92;33;1;1
JUNIN;JAUJA;1204;83257;88405;136;48214;751;17533;0;14681;0;27853;0;10844;0;18694;0;5783;0;1;10821;0;86;1552;22;39;471;20;64;512;756;5638;64;22;6;7;166;6;83;4;1;17;4;1;1;0;0;0;0;0;0;0;0;0;576;0;199;7;100;33;5;1
JUNIN;JUNIN;1205;23133;22757;94;14194;559;5989;0;3982;0;7620;0;1439;0;5507;1;5361;0;0;3812;0;118;867;4;31;891;20;30;200;82;1155;81;10;2;9;66;1;25;0;1;17;4;1;1;0;0;0;0;0;0;0;0;0;230;0;285;4;108;33;17;4
JUNIN;SATIPO;1206;203985;239105;83;112894;469;46942;0;12981;0;96342;0;13546;0;30819;1;62406;0;1;37376;0;107;2141;29;207;1415;20;289;736;107;7071;96;11;14;7;129;3;100;0;1;17;4;3;1;0;0;0;0;0;0;0;0;0;1025;0;63;1;49;33;2;1
JUNIN;TARMA;1207;89590;91849;141;47409;677;23538;0;14669;0;29182;0;10637;0;18773;0;8648;0;0;12245;0;199;1819;42;83;1049;20;208;635;56;4921;350;33;2;2;138;5;52;8;1;17;4;2;1;0;0;0;0;0;0;0;0;0;843;0;154;6;58;33;4;2
JUNIN;YAULI;1208;40390;40041;173;20707;1211;4928;0;4151;0;11509;0;3927;0;8257;0;4460;0;0;4929;0;18;345;0;9;229;20;12;46;65;1951;20;11;0;0;99;3;17;0;1;17;4;0;1;0;0;0;0;0;0;0;0;0;58;0;245;7;42;33;10;0
LA LIBERTAD;ASCOPE;1302;115786;123480;143;66423;995;21538;0;18449;0;35631;0;12798;0;26040;0;691;0;0;14305;1;263;1974;27;347;167;14;38;421;508;3721;336;44;28;24;206;1;49;1;1;37;3;3;1;0;0;0;0;0;0;0;0;0;459;0;178;1;42;12;3;3
LA LIBERTAD;BOLIVAR;1303;14457;15982;14;9717;289;5303;0;1827;0;6758;0;1110;0;2247;0;295;0;1;1857;0;71;140;4;30;150;14;5;20;0;573;13;8;0;0;10;0;12;0;1;37;3;1;1;0;0;0;0;0;0;0;0;0;25;0;69;0;83;12;21;7
LA LIBERTAD;CHEPEN;1304;78418;86411;124;45034;925;18748;0;11154;0;25319;0;8878;0;16901;0;407;0;0;10806;0;425;1649;56;105;57;14;97;849;140;3578;621;69;5;6;130;0;66;0;1;37;3;1;1;0;0;0;0;0;0;0;0;0;946;0;166;0;84;12;4;1
LA LIBERTAD;GRAN CHIMU;1311;26892;28290;46;16255;540;10527;0;4070;0;9721;0;1740;0;4129;0;165;0;1;3241;0;130;875;18;124;75;14;21;95;0;2577;53;21;0;0;33;0;24;0;1;37;3;1;1;0;0;0;0;0;0;0;0;0;116;0;123;0;89;12;11;4
LA LIBERTAD;JULCAN;1305;28024;30987;19;19125;168;12438;0;3927;0;12329;0;1868;0;4439;0;86;0;1;4554;0;317;476;4;57;424;14;17;74;12;2095;50;25;0;0;38;0;25;0;1;37;3;1;1;0;0;0;0;0;0;0;0;0;91;0;136;0;89;12;11;4
LA LIBERTAD;OTUZCO;1306;77862;85091;34;49300;271;34897;0;11099;0;31062;0;4280;0;12762;0;698;0;1;9586;0;422;1741;30;104;307;14;63;303;49;4208;254;37;4;5;111;0;65;0;1;37;3;1;1;0;0;0;0;0;0;0;0;0;366;0;143;0;83;12;4;1
LA LIBERTAD;PACASMAYO;1307;102897;112970;133;59137;932;21744;0;15116;0;33168;0;9808;0;22115;0;444;0;0;12700;0;223;2608;31;209;325;14;76;1032;239;5641;168;91;3;3;126;0;72;0;1;37;3;3;1;0;0;0;0;0;0;0;0;0;1108;0;122;0;70;12;3;3
LA LIBERTAD;PATAZ;1308;76103;85092;29;47963;552;24887;0;7453;0;32807;0;5874;0;12207;0;1603;0;1;7703;0;392;510;15;117;61;14;43;79;211;2610;168;18;5;7;53;0;39;0;1;37;3;2;1;0;0;0;0;0;0;0;0;0;122;0;70;0;51;12;4;3
LA LIBERTAD;SANCHEZ CARRION;1309;144405;168670;24;95523;305;55113;0;13875;0;68783;0;8083;0;27189;0;648;0;1;21926;0;448;2009;7;102;132;14;70;157;9;4038;76;58;14;10;86;0;57;0;1;37;3;0;1;0;0;0;0;0;0;0;0;0;227;0;60;0;39;12;2;0
LA LIBERTAD;SANTIAGO DE CHUCO;1310;50896;55868;38;36237;405;18557;0;6692;0;21741;0;3756;0;8529;0;722;0;1;7574;0;104;1071;23;59;183;14;26;189;10;3022;91;19;5;10;59;0;35;0;1;37;3;4;1;0;0;0;0;0;0;0;0;0;215;0;116;0;69;12;6;8
LA LIBERTAD;TRUJILLO;1301;970016;1118724;165;500337;1164;140124;0;120221;0;306658;0;92366;0;242300;0;7938;0;0;113664;0;3755;14884;443;1705;1039;14;670;3734;600;25708;4261;548;286;29;1945;85;1159;101;1;37;3;14;1;0;0;0;0;0;0;0;0;0;4404;0;201;9;119;12;0;1
LA LIBERTAD;VIRU;1312;92324;105206;98;47617;907;24820;0;7128;0;35081;0;6530;0;18670;0;836;0;1;13322;0;364;1559;37;175;139;14;76;300;39;4802;378;3;31;34;47;0;47;1;1;37;3;1;1;0;0;0;0;0;0;0;0;0;376;0;51;0;51;12;3;1
LAMBAYEQUE;CHICLAYO;1401;799675;862709;177;435941;847;124257;0;106506;0;245458;0;85292;0;192143;0;6713;0;0;102816;1;5349;10195;900;1371;895;14;20341;12149;1411;25253;7456;243;88;11;1715;88;713;34;1;26;3;1;1;0;0;0;0;0;0;0;0;0;32490;0;214;11;89;4;0;0
LAMBAYEQUE;FERREÑAFE;1402;97415;107241;118;60777;560;23936;0;12646;0;38516;0;10130;0;19882;0;20285;0;1;13996;0;882;2156;73;240;169;14;130;566;289;7361;885;62;3;3;80;0;74;0;1;26;3;1;1;0;0;0;0;0;0;0;0;0;696;0;82;0;76;4;3;1
LAMBAYEQUE;LAMBAYEQUE;1403;300170;340835;130;178116;693;74345;0;34366;0;117228;0;22744;0;52604;0;3041;0;0;46031;0;3485;4883;134;496;356;14;593;2818;257;13309;2711;32;9;3;222;0;189;0;1;26;3;1;1;0;0;0;0;0;0;0;0;0;3411;0;74;0;63;4;1;0
LIMA;BARRANCA;1502;144381;151095;176;77969;1150;26688;0;21223;0;47574;0;16130;0;32795;0;15001;0;0;18833;0;1283;3833;555;664;806;22;214;2227;662;7804;1546;106;22;15;199;6;212;1;1;623;39;3;1;0;0;0;0;0;0;0;0;0;2441;0;138;4;147;25;27;2
LIMA;CAJATAMBO;1503;6559;6332;105;4099;473;2150;0;1548;0;2358;0;969;0;1171;0;1489;0;1;1017;0;103;46;4;47;146;22;9;13;0;444;38;4;0;0;3;0;7;0;1;623;39;0;1;0;0;0;0;0;0;0;0;0;22;0;46;0;107;25;595;0
LIMA;CANTA;1504;11548;11593;168;5788;1039;3009;0;2382;0;3487;0;1206;0;1893;0;1164;0;0;1773;0;19;259;0;51;1076;22;2;8;580;1311;50;7;1;9;12;0;15;0;1;623;39;1;1;0;0;0;0;0;0;0;0;0;10;0;104;0;130;25;338;9
LIMA;CAÑETE;1505;240013;250420;167;120611;1324;3226;0;28418;0;81243;0;25192;0;53038;0;16580;0;0;32938;0;805;3696;174;1061;1019;22;431;1920;1107;10388;1205;52;32;13;270;19;233;6;1;623;39;11;1;0;0;0;0;0;0;0;0;0;2351;0;112;8;97;25;16;5
LIMA;HUARAL;1506;183898;194375;175;97169;1196;35017;0;24693;0;58214;0;19599;0;38955;0;23036;0;0;24919;0;1352;5336;560;1105;1271;22;247;2842;578;14536;3718;50;31;17;212;14;275;9;1;623;39;2;1;0;0;0;0;0;0;0;0;0;3089;0;115;8;150;25;21;1
LIMA;HUAROCHIRI;1507;58145;62381;159;29216;940;11932;0;9639;0;19527;0;6739;0;12645;0;5188;0;0;8274;0;464;1741;36;457;1519;22;56;442;1127;6528;428;10;6;10;36;0;95;0;1;623;39;4;1;0;0;0;0;0;0;0;0;0;498;0;62;0;163;25;67;7
LIMA;HUAURA;1508;227685;240717;1699;117400;1222;35504;0;31829;0;72010;0;25728;0;52294;0;17816;0;0;30117;0;1020;3454;409;633;891;22;264;2208;1031;13734;1570;47;23;10;328;24;250;15;1;623;39;1;1;0;0;0;0;0;0;0;0;0;2472;0;144;11;110;25;17;0
LIMA;LIMA;1501;8574974;9674755;170;4160922;1531;765570;0;1114796;0;2433313;0;932153;0;1914741;0;739306;0;0;1085258;1;58996;103167;18170;35191;26480;22;43606;115868;8237;183301;69585;3209;1153;13;17934;310;12674;853;1;623;39;29;0;0;0;0;0;0;0;0;0;0;159474;0;209;4;148;25;0;0
LIMA;OYON;1509;17739;17137;138;9640;991;3785;0;2291;0;5905;0;1767;0;3153;0;2589;0;1;2432;0;127;196;6;42;354;22;9;51;145;1429;60;9;0;0;15;0;12;0;1;623;39;0;1;0;0;0;0;0;0;0;0;0;60;0;85;0;68;25;220;0
LIMA;YAUYOS;1510;20463;19665;127;10048;555;5429;0;4708;0;6093;0;2557;0;3441;0;2360;0;1;3137;0;150;276;10;70;340;22;13;51;250;1407;21;3;0;0;30;0;23;0;1;623;39;1;0;0;0;0;0;0;0;0;0;0;64;0;147;0;112;25;191;5
LORETO;ALTO AMAZONAS;1602;122725;149892;82;75150;662;32332;0;10290;0;61030;0;9280;0;20491;0;12759;0;0;20456;0;716;1947;58;175;387;21;210;929;538;2717;801;7;14;11;168;7;87;4;1;27;2;3;1;0;0;0;0;0;0;0;0;0;1139;0;137;6;71;5;2;2
LORETO;DATEM DEL MARAÑON;1607;48482;59870;44;26699;417;12197;0;2192;0;29809;1;2738;0;7556;0;13815;0;0;8293;0;365;460;5;216;138;21;41;130;72;692;211;1;0;0;29;0;22;0;1;27;2;3;1;0;0;0;0;0;0;0;0;0;171;0;60;0;45;5;4;6
LORETO;LORETO;1603;62437;71904;47;41618;499;16330;0;4875;0;33794;1;3976;0;9103;0;2839;0;0;10838;0;1566;454;14;141;168;21;44;144;255;831;489;1;2;3;53;0;21;0;1;27;2;1;1;0;0;0;0;0;0;0;0;0;188;0;85;0;34;5;3;2
LORETO;MARISCAL RAMON CASTILLA;1604;49072;59232;49;29743;510;13706;0;3837;0;27870;1;2872;0;6197;0;6260;0;0;8185;0;520;300;9;64;87;21;15;68;141;832;159;1;3;6;48;0;19;0;1;27;2;2;1;0;0;0;0;0;0;0;0;0;83;0;98;0;39;5;4;4
LORETO;MAYNAS;1601;479866;550551;144;277941;984;76725;0;53459;0;200860;0;40774;0;104762;0;30918;0;0;69831;0;6177;7919;410;838;761;21;1830;3855;1163;13331;5422;4;72;15;700;49;373;6;1;27;2;9;1;0;0;0;0;0;0;0;0;0;5685;0;146;10;78;5;0;2
LORETO;PUTUMAYO;1608;7780;9174;51;4485;679;2129;0;591;0;4072;1;450;0;1014;0;1837;0;0;1267;0;72;133;4;73;69;21;1;29;372;191;46;0;0;0;10;0;9;0;1;27;2;1;1;0;0;0;0;0;0;0;0;0;30;0;129;0;116;5;26;13
LORETO;REQUENA;1605;58511;64459;31;36883;479;14308;0;5350;0;31063;1;4446;0;9059;0;2794;0;0;9610;0;569;568;8;90;180;21;15;84;502;319;249;1;2;3;46;0;17;0;1;27;2;0;1;0;0;0;0;0;0;0;0;0;99;0;79;0;29;5;3;0
LORETO;UCAYALI;1606;54637;62477;56;34356;568;13063;0;4727;0;29550;1;4110;0;8847;0;6445;0;0;8914;0;681;609;10;138;139;21;36;146;92;556;409;2;1;2;58;5;19;0;1;27;2;1;1;0;0;0;0;0;0;0;0;0;182;0;106;9;35;5;4;2
MADRE DE DIOS;MANU;1702;18549;21118;188;8901;1249;3746;0;979;0;7563;0;1511;0;2741;1;8006;0;0;3192;0;122;340;3;25;134;28;13;99;190;1216;135;1;0;0;5;0;19;0;1;52;0;2;0;0;0;0;0;0;0;0;0;0;112;0;27;0;102;17;0;11
MADRE DE DIOS;TAHUAMANU;1703;11047;12479;190;5491;1404;2008;0;909;0;4108;0;844;0;1523;0;1537;0;0;1727;0;411;2005;3;122;774;28;55;79;536;6869;704;1;0;0;22;0;12;0;1;52;0;2;0;0;0;0;0;0;0;0;1;0;134;0;199;0;109;17;0;18
MADRE DE DIOS;TAMBOPATA;1701;111474;140214;191;54710;1248;15955;0;7328;0;44997;0;9529;0;23012;0;20721;0;0;17423;0;98;56;17;33;515;28;16;479;1568;1153;140;3;38;34;192;28;141;19;1;52;0;7;0;0;0;0;0;0;0;0;0;0;495;0;172;25;126;17;0;6
MOQUEGUA;GENERAL SANCHEZ CERRO;1802;14865;14503;152;8662;757;4657;0;3775;0;3810;0;2170;0;2632;1;5859;0;1;2232;0;69;650;1;56;127;16;16;44;227;2439;37;3;0;0;38;0;29;0;1;27;2;0;1;0;0;0;0;0;0;0;0;0;60;0;256;0;195;26;13;0
MOQUEGUA;ILO;1803;74649;82686;189;38705;1362;7302;0;9310;0;22430;0;8670;0;18295;0;11783;0;0;9923;0;20;1734;15;261;348;16;54;566;74;3917;49;143;7;9;147;6;85;0;1;27;2;4;1;0;0;0;0;0;0;0;0;0;620;0;197;8;114;26;3;5
MOQUEGUA;MARISCAL NIETO;1801;85349;95551;185;42730;1425;11542;0;10865;0;24179;0;9170;0;20907;0;18873;0;0;10806;0;179;1730;53;138;495;16;109;739;96;5968;185;10;22;26;272;26;118;22;1;27;2;1;1;0;0;0;0;0;0;0;0;0;848;0;319;30;138;26;2;1
PASCO;DANIEL ALCIDES CARRION;1902;43580;46179;2;31363;302;10461;0;6041;0;11686;0;4770;0;7049;1;10700;0;1;7194;0;133;939;3;23;690;22;23;84;125;2275;44;23;0;0;84;0;24;0;1;23;1;0;1;0;0;0;0;0;0;0;0;0;107;0;193;0;55;16;2;0
PASCO;OXAPAMPA;1903;87470;100561;90;45379;638;23042;0;8967;0;36572;0;7522;0;14675;0;17372;0;0;14163;0;911;2316;27;238;334;22;121;655;130;6463;690;5;6;7;244;8;83;0;1;23;1;2;1;0;0;0;0;0;0;0;0;0;776;0;279;9;95;16;1;2
PASCO;PASCO;1901;123015;125164;110;70901;761;17451;0;11485;0;43114;0;12165;0;27520;0;17112;0;0;16611;0;513;754;28;102;956;22;122;538;193;4462;224;26;4;3;332;13;92;20;1;23;1;1;1;0;0;0;0;0;0;0;0;0;660;0;270;11;75;16;1;1
PIURA;AYABACA;2002;119287;127737;8;84985;234;46407;0;16255;0;54222;0;8314;0;17608;0;1063;0;1;15655;0;1243;2304;40;131;188;11;133;285;21;5123;561;23;7;6;114;0;71;0;1;30;1;5;1;0;0;0;0;0;0;0;0;0;418;0;96;0;60;9;1;4
PIURA;HUANCABAMBA;2003;111501;118533;23;74677;250;43106;0;15576;0;47074;0;8815;0;20443;0;1214;0;1;17679;0;1334;1816;28;121;318;11;104;351;53;4055;650;26;5;4;51;0;73;0;1;30;1;4;1;0;0;0;0;0;0;0;0;0;455;0;46;0;65;9;1;4
PIURA;MORROPON;2004;162027;173193;84;103108;609;53359;0;24378;0;57346;0;16613;0;27680;0;1328;0;1;24308;0;1474;3233;67;345;275;11;174;1451;274;6416;1390;42;23;14;128;0;141;0;1;30;1;7;1;0;0;0;0;0;0;0;0;0;1625;0;79;0;87;9;1;4
PIURA;PAITA;2005;129892;148289;142;77311;888;28231;0;12339;0;50010;0;11483;0;26333;0;557;0;0;20800;0;761;2307;170;138;117;11;143;722;85;6329;924;73;2;2;194;0;133;0;1;30;1;1;1;0;0;0;0;0;0;0;0;0;865;0;149;0;102;9;1;1
PIURA;PIURA;2001;799321;894847;140;450756;905;142732;0;84854;0;279470;0;69221;0;165427;0;20214;0;0;116360;0;5448;12350;217;988;913;11;454;2291;246;24963;5048;129;74;9;1183;58;443;60;1;30;1;6;1;0;0;0;0;0;0;0;0;0;2745;0;148;7;55;9;0;1
PIURA;SECHURA;2008;79177;89597;119;45881;708;18405;0;6051;0;33828;0;6325;0;14303;0;365;0;0;13110;0;565;1166;43;190;90;11;27;186;83;3721;542;12;3;4;52;0;23;0;1;30;1;0;1;0;0;0;0;0;0;0;0;0;213;0;66;0;29;9;1;0
PIURA;SULLANA;2006;311454;341490;147;183397;799;62760;0;36283;0;106994;0;30448;0;64333;0;1777;0;0;48781;0;2597;6599;340;291;433;11;1048;3370;156;13022;3206;57;28;9;343;24;277;0;1;30;1;6;1;0;0;0;0;0;0;0;0;0;4418;0;110;8;89;9;0;2
PIURA;TALARA;2007;144150;154268;160;81201;971;20266;0;17524;0;47396;0;13640;0;32003;0;1004;0;0;20139;0;835;1830;37;313;434;11;69;367;353;9207;900;51;6;4;163;16;32;2;1;30;1;0;1;0;0;0;0;0;0;0;0;0;436;0;113;11;22;9;1;0
PUNO;AZANGARO;2102;110392;112149;61;81594;279;34690;0;17355;0;39190;0;14941;0;23593;1;88097;1;1;17502;0;365;280;12;31;1550;14;31;268;46;4395;96;22;3;3;106;0;75;0;1;25;1;1;1;0;0;0;0;0;0;0;0;0;299;0;96;0;68;16;1;1
PUNO;CARABAYA;2103;73322;78873;22;49667;361;22842;0;6336;0;27099;0;6082;0;15276;1;59371;1;1;11530;0;296;140;12;44;934;14;72;164;18;2154;131;6;3;4;81;6;61;3;1;25;1;3;1;0;0;0;0;0;0;0;0;0;236;0;110;8;83;16;1;4
PUNO;CHUCUITO;2104;89002;88112;26;64336;274;26542;0;15556;0;26344;0;10917;0;18066;1;71886;1;1;14855;0;411;90;18;51;140;14;39;143;0;2535;253;22;0;0;76;0;58;0;1;25;1;1;1;0;0;0;0;0;0;0;0;0;182;0;85;0;65;16;1;1
PUNO;EL COLLAO;2105;63878;66287;65;46820;331;21263;0;12266;0;18281;0;10235;0;12097;1;51059;1;1;10399;0;55;636;1;95;673;14;34;158;2;4057;62;11;6;9;79;0;56;0;1;25;1;1;1;0;0;0;0;0;0;0;0;0;192;0;124;0;88;16;2;2
PUNO;HUANCANE;2106;57651;58957;54;41490;260;21529;0;13517;0;16519;0;9683;0;10013;1;47168;1;1;9431;0;124;163;3;52;1083;14;37;213;9;2660;55;21;2;3;58;0;35;0;1;25;1;4;1;0;0;0;0;0;0;0;0;0;250;0;101;0;61;16;2;7
PUNO;LAMPA;2107;40856;42549;32;26796;489;12319;0;6309;0;13045;0;5541;0;10410;1;30556;1;1;6178;0;118;101;4;15;497;14;20;86;10;3022;52;7;1;2;58;0;38;0;1;25;1;5;1;0;0;0;0;0;0;0;0;0;106;0;142;0;93;16;2;12
PUNO;MELGAR;2108;67138;69693;59;45377;506;18229;0;9137;0;23243;0;9747;0;14477;1;49141;1;1;8575;0;380;207;7;28;2241;14;87;243;21;1771;109;10;3;4;97;2;60;0;1;25;1;7;1;0;0;0;0;0;0;0;0;0;330;0;144;3;89;16;1;10
PUNO;MOHO;2109;19753;19190;30;13465;197;8534;0;5787;0;5273;0;3704;0;4100;1;17754;1;1;2916;0;19;48;0;8;712;14;13;45;10;1129;9;20;4;20;11;0;10;0;1;25;1;2;1;0;0;0;0;0;0;0;0;0;58;0;56;0;51;16;5;10
PUNO;PUNO;2101;219494;120;54;136232;837;41894;0;33042;0;65319;0;30234;0;50023;1;124425;1;1;28368;1;799;1660;56;267;2133;14;282;1183;32;13324;406;34;35;16;428;19;221;12;1;25;1;1;1;0;0;0;0;0;0;0;0;0;1465;0;195;9;101;16;0;0
PUNO;SAN ANTONIO DE PUTINA;2110;36113;34734;74;22844;952;9920;0;3279;0;9932;0;4404;0;5997;1;27374;1;1;4942;0;27;32;3;6;813;14;7;59;0;1196;13;11;1;3;23;0;11;0;1;25;1;3;1;0;0;0;0;0;0;0;0;0;66;0;64;0;30;16;3;8
PUNO;SAN ROMAN;2111;307417;344030;139;170295;831;43855;0;21830;0;102508;0;33125;0;72521;1;146841;0;0;36996;1;699;757;153;253;2080;14;499;1529;12;6578;754;135;12;4;418;21;201;21;1;25;1;1;1;0;0;0;0;0;0;0;0;0;2028;0;136;7;65;16;0;0
PUNO;SANDIA;2112;50742;56088;76;28886;469;16665;0;6431;0;17341;0;7310;0;10858;1;37019;1;1;9846;0;245;255;8;73;900;14;38;113;25;3340;158;4;3;6;99;0;34;0;1;25;1;3;1;0;0;0;0;0;0;0;0;0;151;0;195;0;67;16;2;6
PUNO;YUNGUYO;2113;36939;37116;41;26142;362;14488;0;8292;0;9914;0;5840;0;5599;1;28692;1;1;5209;1;52;198;6;64;229;14;26;99;3;1230;23;127;1;3;43;0;26;0;1;25;1;1;1;0;0;0;0;0;0;0;0;0;125;0;116;0;70;16;3;3
SAN MARTIN;BELLAVISTA;2202;55033;60893;106;30994;725;17693;0;4640;0;22995;0;4034;0;6363;0;567;0;1;9778;0;427;1041;17;99;193;18;23;148;241;1718;1056;7;1;2;69;0;22;0;1;19;1;4;1;0;0;0;0;0;0;0;0;0;171;0;125;0;40;16;2;7
SAN MARTIN;EL DORADO;2203;36752;42983;85;20596;444;14358;0;3478;0;16757;0;2162;0;3617;0;1148;0;1;6585;0;173;429;13;42;47;18;15;90;65;757;174;28;0;0;41;0;23;0;1;19;1;2;1;0;0;0;0;0;0;0;0;0;105;0;112;0;63;16;3;5
SAN MARTIN;HUALLAGA;2204;27506;30097;146;16008;583;9441;0;3044;0;10592;0;2512;0;3347;0;123;0;1;4880;0;107;827;5;60;56;18;17;124;128;1864;123;12;0;0;40;0;19;0;1;19;1;3;1;0;0;0;0;0;0;0;0;0;141;0;145;0;69;16;4;11
SAN MARTIN;LAMAS;2205;81521;88637;116;46071;504;30182;0;8976;0;32889;0;7639;0;9913;0;3700;0;1;14896;0;631;1044;31;120;50;18;55;385;368;387;761;16;3;4;60;0;37;0;1;19;1;7;1;0;0;0;0;0;0;0;0;0;440;0;74;0;45;16;1;9
SAN MARTIN;MARISCAL CACERES;2206;64626;73193;135;36202;745;18458;0;5806;0;25795;0;5677;0;9301;0;517;0;0;10971;0;414;1197;12;90;241;18;48;232;236;1342;1030;4;0;0;59;8;33;0;1;19;1;3;1;0;0;0;0;0;0;0;0;0;280;0;91;12;51;16;2;5
SAN MARTIN;MOYOBAMBA;2201;122365;133631;148;65973;834;34388;0;11117;0;48599;0;9865;0;21447;0;1920;0;0;19718;0;975;837;122;353;478;18;99;954;40;1411;885;32;17;14;177;26;122;1;1;19;1;9;1;0;0;0;0;0;0;0;0;0;1053;0;145;21;100;16;1;7
SAN MARTIN;PICOTA;2207;40545;44039;101;23192;727;12949;0;4118;0;16281;0;3803;0;4443;0;347;0;1;6837;0;157;886;19;71;358;18;30;136;168;854;290;19;4;10;45;0;24;0;1;19;1;8;1;0;0;0;0;0;0;0;0;0;166;0;111;0;59;16;2;20
SAN MARTIN;RIOJA;2208;122544;131651;114;70374;809;35072;0;10176;0;49372;0;9585;0;22545;0;2726;0;0;21722;0;709;953;30;126;72;18;81;529;127;475;536;48;9;7;146;19;54;0;1;19;1;8;1;0;0;0;0;0;0;0;0;0;610;0;119;16;44;16;1;7
SAN MARTIN;SAN MARTIN;2209;193095;218074;161;100328;1178;34057;0;19443;0;65490;0;19868;0;34292;0;3165;0;0;26738;0;1575;2397;906;581;786;18;996;3627;802;4535;1890;34;32;17;497;48;250;23;1;19;1;10;1;0;0;0;0;0;0;0;0;0;4623;0;257;25;129;16;1;5
SAN MARTIN;TOCACHE;2210;69394;76450;151;38405;953;18526;0;6084;0;27130;0;6735;0;11123;0;2717;0;0;10966;0;490;1097;10;162;653;18;49;295;20;1290;765;12;2;3;79;4;50;2;1;19;1;2;1;0;0;0;0;0;0;0;0;0;344;0;114;6;72;16;1;3
TACNA;CANDARAVE;2302;6102;6093;123;3326;373;2216;0;1355;0;1495;0;1018;0;1018;1;1958;0;1;848;0;4;136;3;28;22;13;1;24;0;1477;7;3;0;0;12;0;8;0;1;18;1;0;1;0;0;0;0;0;0;0;0;0;25;0;197;0;131;15;16;0
TACNA;JORGE BASADRE;2303;10773;12549;186;4256;1504;1461;0;1232;0;3112;0;978;0;1798;0;1939;0;0;1138;1;17;197;0;123;120;13;4;19;27;1467;16;4;1;9;55;1;7;0;1;18;1;0;0;0;0;0;0;0;0;0;0;0;23;0;511;9;65;15;9;0
TACNA;TACNA;2301;306363;346192;164;148133;1000;36852;0;32534;0;90876;0;34239;0;81326;0;70949;0;0;38652;0;918;6997;206;1715;1540;13;812;2512;308;32678;1933;37;22;7;471;37;401;45;1;18;1;1;0;0;0;0;0;0;0;0;0;0;3324;0;154;12;131;15;0;0
TACNA;TARATA;2304;6094;6140;102;3381;440;1941;0;1361;0;1354;0;1141;0;1192;0;1613;0;1;719;0;17;258;1;16;29;13;16;15;29;1310;12;2;0;0;17;0;10;0;1;18;1;0;1;0;0;0;0;0;0;0;0;0;31;0;279;0;164;15;16;0
TUMBES;CONTRALMIRANTE VILLAR;2402;21057;24127;178;11460;970;4250;0;2209;0;7167;0;1637;0;2949;0;258;0;0;2905;0;429;536;8;52;136;20;30;155;114;2317;314;10;0;0;30;0;23;0;1;27;2;1;1;0;0;0;0;0;0;0;0;0;185;0;142;0;109;7;9;5
TUMBES;TUMBES;2401;154962;171356;180;85062;984;23869;0;16684;0;53695;0;15340;0;31001;0;1198;0;0;23753;0;1152;4443;128;368;96;20;313;1197;908;13260;1972;86;23;15;341;22;188;11;1;27;2;3;1;0;0;0;0;0;0;0;0;0;1510;0;220;14;121;7;1;2
TUMBES;ZARUMILLA;2403;48844;56038;183;26217;812;9104;0;3880;0;19194;0;3961;0;9592;0;380;0;0;8152;0;352;944;13;122;26;20;75;339;228;3078;613;66;5;10;50;0;27;0;1;27;2;2;1;0;0;0;0;0;0;0;0;0;414;0;102;0;55;7;4;4
UCAYALI;ATALAYA;2502;49324;61049;100;29846;522;11813;0;2619;0;28515;1;2239;0;7788;1;23210;0;0;9220;0;306;275;1;77;313;21;7;131;347;2083;365;1;3;6;57;4;18;0;1;21;1;1;1;0;0;0;0;0;0;0;0;0;138;0;116;8;36;5;2;2
UCAYALI;CORONEL PORTILLO;2501;384168;447733;182;215758;866;57737;0;35268;0;160081;0;33312;0;86792;0;29834;0;0;60380;0;5935;3597;446;962;2332;21;1337;3586;285;11630;6598;11;107;28;715;41;367;20;1;21;1;1;1;0;0;0;0;0;0;0;0;0;4923;0;186;11;96;5;0;0
UCAYALI;PADRE ABAD;2503;60107;77044;179;32376;642;16857;0;4045;0;28416;0;5078;0;10655;0;7737;0;0;9938;0;672;646;9;170;775;21;86;309;58;1755;739;7;1;2;66;0;41;0;1;21;1;1;1;0;0;0;0;0;0;0;0;0;395;0;110;0;68;5;2;2
UCAYALI;PURUS;2504;2860;3284;103;1908;552;2358;1;190;0;1547;1;173;0;428;1;1813;1;0;484;0;12;5;0;2;138;21;2;22;0;22;62;0;0;0;9;0;2;0;1;21;1;0;1;0;0;0;0;0;0;0;0;0;24;0;315;0;70;5;35;0
