departamento,provincia,ubigeo,pob2017,pob2020,pobreza,desempleo_n,ingreso_porc,nosec25,nosec25_porc,p65amas,p65amas_porc,p17amenos,p17amenos_porc,pmayorde5disc,pmayorde5disc_porc,hogarmonop,pobind,esp2dalengua,esp2dalengua_porc,vivprecaria,hacinam,carret_asfalt,adultos_hta_freq,adultos_hyperchol_freq,adultos_ecv_freq,adultos_asma_freq,adultos_epoc_freq,tabaco,cancer_c,cancer_d,vih,obes_imc30_freq,adultos_diabetes_freq,densidadpob,mortalidad_iras,mortalidad_irasx100000,n_camas_hospitalarias,n_camas_uci,n_medicos,n_ventiladores,gastoregsalud_porc,gastoxcapitasalud,labcovid,n_emergencia,desempleo_porc,hogarmonop_porc,hacinam_porc,hta_porc,coles_porc,ecv_porc,asma_porc,epoc_porc,obesidad_porc,diabetes_porc,cancer_n,cancer_porc,camas_hospix100mil,camas_ucix100mil,medicosx100mil,ventiladoresx100mil,labcovidx100mil,emergenciax100mil
AMAZONAS,BAGUA,102,74100,84672,86,44750,732.51,20121,.27153846,7351.6315,.0992123,32185.105,.4343469,5712,.07708502,13594,.24917609,20583,.27777328,.5926741800000001,13572,.1830013,333,2040,28,105,167,15.71,108,610,587.5,2591,653,12.896556,1,1.3495277,131,12,83,0,.9728625,29.44372,1,1,.6039136000000001,.1834548,.1831579,.0044939,.0275304,.0003779,.001417,.0022537,.0349663,.0088124,718,.0096896,176.7881,16.19433198380567,112.0108,23.484308,1.349528,1.349528
AMAZONAS,BONGARA,103,25637,26830,96,14029,646.05,9184,.35823224,3253.2096,.1268951,9443.6428,.3683599,3035,.11838359,4572,.04383792,319,.01244295,.55925014,4016,.01758882,737,731,14,34,146,15.71,25,127,819.2,770,113,8.932752600000001,3,11.701837,52,0,16,0,.9728625,29.44372,1,2,.5472169,.178336,.1566486,.0287475,.0285135,.0005461,.0013262,.0056949,.0300347,.0044077,152,.0059289,202.8318,0,62.4098,23.484308,3.900612,7.801225
AMAZONAS,CHACHAPOYAS,101,55506,63188,145,30192,944.58,14959,.2695024,7310.6589,.13170935,19116.811,.34440982,5586,.10063777,9882,.08521236,1635,.02945627,.45960426,6242,.01004195,562,975,168,116,290,15.71,149,641,744,1265,129,16.759058,10,18.01607,245,23,94,12,.9728625,29.44372,1,1,.5439412,.1780348,.1124563,.010125,.0175657,.0030267,.0020899,.0052247,.0227903,.0023241,790,.0142327,441.3937,41.43696176989875,169.3511,23.484308,1.801607,1.801607
AMAZONAS,CONDORCANQUI,104,42470,51344,7,30189,230.67,10642,.25057688,1927.6169,.04538773,26643.444,.62734741,901,.02121498,7171,.82185137,26157,.61589357,.7439275400000001,7873,0,123,93,3,42,13,15.71,37,115,581.1,673,68,2.3772221,0,0,92,0,15,0,.9728625,29.44372,1,2,.7108312,.1688486,.1853779,.0028962,.0021898,.0000706,.0009889,.0003061,.0158465,.0016011,152,.003579,216.6235,0,35.31905,23.484308,2.354603,4.709207
AMAZONAS,LUYA,105,44436,47827,27,27835,473.26,17733,.39906832,6747.5517,.15184876,17909.997,.40305151,4863,.10943829,5904,.0314614,701,.0157755,.82315591,6313,.0768643,854,633,25,216,153,15.71,124,143,50.89,1630,144,13.727525,1,2.2504276,108,0,28,0,.9728625,29.44372,1,1,.6264065,.1328653,.1420695,.0192187,.0142452,.0005626,.0048609,.0034432,.036682,.0032406,267,.0060086,243.0462,0,63.01197,23.484308,2.250427,2.250427
AMAZONAS,RODRIGUEZ DE MENDOZA,106,29998,33651,97,16721,540.18,11671,.38905927,4101.9574,.13674103,11590.667,.38638132,3145,.10484032,3924,.02157062,653,.02176812,.61579066,4799,0,506,736,9,86,84,15.71,80,109,307.75,668,111,12.716405,0,0,54,0,22,0,.9728625,29.44372,1,1,.5574038,.1308087,.1599773,.0168678,.024535,.0003,.0028669,.0028002,.0222682,.0037002,189,.0063004,180.012,0,73.33823,23.484308,3.333555,3.333555
AMAZONAS,UTCUBAMBA,107,107237,119294,111,62307,827.9,35828,.3341011,12169.224,.11347972,43325.478,.40401614,10020,.0934379,18162,.0310951,899,.0083833,.60431083,20375,.00464245,1004,1054,34,254,146,15.71,86,684,75.31999999999999,1902,437,27.781606,3,2.7975419,104,5,59,2,.9728625,29.44372,1,1,.5810215,.1693632,.1899997,.0093624,.0098287,.0003171,.0023686,.0013615,.0177364,.0040751,770,.0071804,96.98145,4.662569821983085,55.01833,23.484308,.932514,.932514
ANCASH,AIJA,202,6316,6433,104,3940,502.85,1988,.31475617,1262.0563,.19981893,2203.9192,.34894224,593,.09388854,989,.4053143,2578,.40816973,.88511077,821,.00451279,46,46,2,9,287,16.06,6,1,39.49,1146,10,9.065334699999999,0,0,5,0,5,0,.45715783,45.30648,0,0,.6238126000000001,.1565865,.1299873,.0072831,.0072831,.0003167,.001425,.0454402,.1814439,.0015833,7,.0011083,79.16401999999999,0,79.16401999999999,11.002665,0,0
ANCASH,ANTONIO RAIMONDI,203,13650,13950,64,9780,301.19,4182,.30637363,2285.8034,.16745813,5877.2995,.43057139,1330,.0974359,1735,.65238654,10039,.73545788,.90834654,1663,.0093496,107,140,13,7,9,16.06,12,20,0,713,14,24.288256,1,7.3260073,6,0,9,0,.45715783,45.30648,0,1,.7164835000000001,.1271062,.1218315,.0078388,.0102564,.0009524,.0005128,.0006593,.0522344,.0010256,32,.0023443,43.95604,0,65.93407000000001,11.002665,0,7.326007
ANCASH,ASUNCION,204,7378,7710,95,5459,525.93,2670,.36188669,1468.5471,.19904407,2702.2433,.36625688,1159,.15708864,958,.55331263,5379,.72905937,.79669852,944,.99741873,7,23,1,21,234,16.06,6,127,0,822,1,13.94707,1,13.553809,52,0,3,0,.45715783,45.30648,0,0,.7399024,.1298455,.127948,.0009488,.0031174,.0001355,.0028463,.0317159,.1114123,.0001355,133,.0180266,704.798,0,40.66143,11.002665,0,0
ANCASH,BOLOGNESI,205,23797,24012,121,15019,682.76,6669,.28024541,4112.671,.17282309,7795.6814,.32759093,2754,.11572887,4621,.47012444,6059,.25461193,.70005867,3061,.14578447,71,525,7,32,244,16.06,13,72,256.8,1903,44,7.5426307,1,4.2022104,34,0,17,0,.45715783,45.30648,0,2,.63113,.1941841,.1286297,.0029836,.0220616,.0002942,.0013447,.0102534,.0799681,.001849,85,.0035719,142.8752,0,71.43758,11.002665,0,8.404420999999999
ANCASH,CARHUAZ,206,45184,50007,109,30566,495.28,17164,.37986898,6811.2919,.15074566,15191.471,.3362135,4935,.10922008,6959,.72401161,29912,.66200425,.71944936,6775,.96093667,195,832,11,37,510,16.06,27,280,0,3798,119,56.199005,39,86.313739,51,0,35,0,.45715783,45.30648,0,2,.6764784,.1540147,.1499425,.0043157,.0184136,.0002434,.0008189,.0112872,.0840563,.0026337,307,.0067944,112.8718,0,77.46105,11.002665,0,4.426346
ANCASH,CARLOS FERMIN FITZCARRALD,207,17717,18496,63,13694,330.53,6956,.39261726,3459.6591,.19527342,7087.2291,.40002422,2030,.11457922,2734,.68632472,14630,.82576057,.87721665,2286,.86778037,42,215,7,37,67,16.06,8,25,16.03,1019,10,28.392628,5,28.221482,16,0,8,0,.45715783,45.30648,0,3,.77293,.1543151,.1290286,.0023706,.0121352,.0003951,.0020884,.0037817,.0575154,.0005644,33,.0018626,90.30875,0,45.15437,11.002665,0,16.93289
ANCASH,CASMA,208,50989,57256,154,28123,965.54,11256,.2207535,6313.7404,.12382554,17404.463,.3413376,5120,.10041381,11055,.20794398,8003,.15695542,.50154522,7050,0,30,864,16,39,741,16.06,17,181,64.59999999999999,3571,63,22.532989,3,5.883622,69,0,27,0,.45715783,45.30648,0,1,.5515503,.2168115,.1382651,.0005884,.0169448,.0003138,.0007649,.0145325,.0700347,.0012356,198,.0038832,135.3233,0,52.9526,11.002665,0,1.961207
ANCASH,CORONGO,209,7532,8017,60,5327,504.68,2774,.36829527,1420.3388,.18857392,2527.0492,.33550839,758,.10063728,936,.24319548,909,.12068508,.79012346,879,0,132,66,1,24,240,16.06,4,9,0,444,23,7.6234818,0,0,14,0,4,0,.45715783,45.30648,0,0,.707249,.1242698,.1167021,.0175252,.0087626,.0001328,.0031864,.031864,.0589485,.0030536,13,.001726,185.8736,0,53.10674,11.002665,0,0
ANCASH,HUARAZ,201,163936,185276,166,95143,902.68,32274,.19686951,21500.744,.13115328,53765.619,.32796713,17343,.10579128,33974,.55782164,59861,.36514859,.36633261,21142,0,404,1679,185,454,818,16.06,417,1282,96.51000000000001,6952,476,65.75852399999999,35,21.349795,309,16,184,6,.45715783,45.30648,0,1,.5803667,.2072394,.128965,.0024644,.0102418,.0011285,.0027694,.0049898,.0424068,.0029036,1699,.0103638,188.4882,9.759906304899474,112.2389,11.002665,0,.6099942
ANCASH,HUARI,210,58714,63264,108,40405,569.09,17776,.30275573,8833.9439,.1504572,20940.936,.35666002,6072,.10341656,8844,.69899218,40569,.69095957,.79660466,7773,.4966287,365,1163,10,75,185,16.06,55,216,0,3951,121,18.645284,4,6.8126852,85,0,41,0,.45715783,45.30648,0,3,.6881664,.1506285,.1323875,.0062166,.0198079,.0001703,.0012774,.0031509,.0672923,.0020608,271,.0046156,144.7696,0,69.83002,11.002665,0,5.109514
ANCASH,HUARMEY,211,30560,33066,162,16723,956.66,5528,.18089005,4064.1023,.13298764,9699.337799999999,.31738671,3313,.10840969,6721,.1549272,2356,.07709424,.41755146,4453,.82349574,15,635,7,66,11,16.06,32,179,72.91,1406,7,7.8350537,5,16.361257,18,1,23,0,.45715783,45.30648,0,1,.5472186,.219928,.1457133,.0004908,.0207788,.0002291,.0021597,.0003599,.0460079,.0002291,211,.0069045,58.90052,3.272251308900524,75.26178,11.002665,0,3.272251
ANCASH,HUAYLAS,212,51334,56557,80,33541,558.62,18729,.36484591,7391.2785,.14398407,19514.36,.38014493,4821,.09391436,8888,.54827551,26825,.5225581500000001,.68371833,7302,.65560109,220,1431,4,72,1226,16.06,19,251,76.34,2969,69,22.387266,2,3.8960533,101,0,36,0,.45715783,45.30648,0,1,.6533876,.1731406,.1422449,.0042857,.0278763,.0000779,.0014026,.0238828,.0578369,.0013441,270,.0052597,196.7507,0,70.12896000000001,11.002665,0,1.948027
ANCASH,MARISCAL LUZURIAGA,213,20284,21787,18,16891,247.25,7475,.36851706,3105.1007,.15308128,8634.6872,.42568957,2627,.12951094,3078,.7834507000000001,17291,.85244528,.92965166,3104,0,103,254,0,61,131,16.06,4,38,0,1392,7,27.74829,0,0,28,0,9,0,.45715783,45.30648,0,1,.8327253,.1517452,.153027,.0050779,.0125222,0,.0030073,.0064583,.0686255,.0003451,42,.0020706,138.0398,0,44.36995,11.002665,0,4.929994
ANCASH,OCROS,214,7039,7224,125,3848,604.55,2215,.31467538,1549.0735,.22007011,2095.4551,.29769215,903,.12828527,1163,.37823105,1275,.18113368,.84582189,1045,.01137991,31,6,0,15,244,16.06,3,7,57.7,682,7,3.0791776,1,14.206563,6,0,6,0,.45715783,45.30648,0,0,.5466685999999999,.1652223,.1484586,.004404,.0008524,0,.002131,.034664,.0968888,.0009945,10,.0014207,85.23938,0,85.23938,11.002665,0,0
ANCASH,PALLASCA,215,23491,24371,9,16690,394.54,8264,.3517943,3788.1188,.1612583,9744.242899999999,.4148075,1910,.08130773,3886,.04624965,659,.0280533,.85074161,2694,.52274221,60,202,3,38,249,16.06,2,18,0,1662,22,11.180866,3,12.770848,55,0,20,0,.45715783,45.30648,0,3,.7104849,.1654251,.1146822,.0025542,.008599,.0001277,.0016176,.0105998,.0707505,.0009365,20,.0008514,234.1322,0,85.13899000000001,11.002665,0,12.77085
ANCASH,POMABAMBA,216,24794,26675,58,19138,386.53,8980,.3621844,3665.6923,.14784594,10523.122,.42442211,2285,.09215939,3921,.75090812,19597,.79039284,.82214862,3326,0,122,284,2,37,212,16.06,14,114,13.8,3219,126,8.336919999999999,3,12.099702,54,0,24,0,.45715783,45.30648,0,2,.7718803,.1581431,.1341454,.0049205,.0114544,.0000807,.0014923,.0085505,.1298298,.0050819,128,.0051625,217.7946,0,96.79761999999999,11.002665,0,8.066466999999999
ANCASH,RECUAY,217,17185,18085,126,11818,541.72,5127,.29834158,3637.281,.21165441,5363.784,.31212011,2326,.1353506,3757,.63161361,6994,.40698283,.7037765499999999,2383,.60559367,39,295,3,9,228,16.06,16,79,0,2003,16,7.4581523,2,11.638056,8,0,23,0,.45715783,45.30648,0,1,.6876928,.2186209,.1386674,.0022694,.0171661,.0001746,.0005237,.0132674,.1165551,.000931,95,.0055281,46.55223,0,133.8376,11.002665,0,5.819028
ANCASH,SANTA,218,435807,474053,163,241710,1066.78,68015,.15606679,58554.191,.13435808,135100.49,.31000073,54594,.12527105,113551,.07417663,14415,.03307657,.26615963,54638,.33955283,1668,5754,282,1027,1388,16.06,531,5806,398.1,14330,2299,108.81573,29,6.6543218,716,28,355,32,.45715783,45.30648,0,4,.5546262,.2605534,.125372,.0038274,.0132031,.0006471,.0023565,.0031849,.0328815,.0052753,6337,.0145408,164.2929,6.424862381742376,81.45808,11.002665,0,.9178375
ANCASH,SIHUAS,219,26971,28630,20,20698,309.2,9401,.34855956,4135.6843,.15333819,11179.753,.41451014,2422,.08980016,4126,.43501455,10293,.38163212,.85689949,3416,0,117,173,8,39,101,16.06,8,233,17.4,2297,25,18.524038,1,3.707686,64,0,21,0,.45715783,45.30648,0,2,.7674168,.1529791,.1266546,.004338,.0064143,.0002966,.001446,.0037448,.0851655,.0009269,241,.0089355,237.2919,0,77.8614,11.002665,0,7.415372
ANCASH,YUNGAY,220,50841,55769,69,34102,398.3,20158,.39649102,7377.3394,.1451061,18917.638,.37209414,4794,.09429398,7224,.60770454,35057,.68954191,.76551338,7204,.01146956,142,437,9,59,896,16.06,24,140,0,2384,64,183.54152,11,21.636081,79,0,19,0,.45715783,45.30648,0,1,.6707578,.1420901,.1416967,.002793,.0085954,.000177,.0011605,.0176236,.0468913,.0012588,164,.0032257,155.3864,0,37.37141,11.002665,0,1.966916
APURIMAC,ABANCAY,301,110520,120116,134,63463,771.42,20628,.18664495,12671.834,.11465648,36671.437,.33180815,11157,.10095005,22324,.78976199,55051,.49810894,.43372756,15820,.00365114,479,4434,163,310,601,13.44,284,1065,53.28,9641,348,32.062663,18,16.286645,377,27,177,24,.8922064199999999,142.0148,1,5,.5742218,.2019906,.1431415,.0043341,.0401194,.0014748,.0028049,.0054379,.0872331,.0031488,1349,.0122059,341.1147,24.4299674267101,160.152,24.523001,.9048136,4.524068
APURIMAC,ANDAHUAYLAS,302,142477,150758,78,89694,500.54,42386,.29749363,17783.116,.12481394,53028.775,.37219183,15005,.10531524,21910,.88867131,98904,.6941752,.74299945,20181,.00609125,423,2560,89,135,913,13.44,128,1008,105.52,7284,203,35.73539,11,7.7205444,330,16,175,4,.8922064199999999,142.0148,1,13,.6295332,.1537792,.1416439,.0029689,.0179678,.0006247,.0009475,.0064081,.051124,.0014248,1136,.0079732,231.6163,11.22988271791236,122.8268,24.523001,.7018677,9.124280000000001
APURIMAC,ANTABAMBA,303,11310,11781,99,7795,436.29,3557,.31450044,2068.4906,.18289042,3850.5876,.34045867,1516,.13404067,2065,.91011612,8497,.75128205,.89171493,1798,.00849969,77,308,2,12,65,13.44,17,57,27.55,814,23,3.5135026,0,0,17,0,13,0,.8922064199999999,142.0148,1,1,.6892131,.1825818,.1589744,.0068081,.0272325,.0001768,.001061,.0057471,.0719717,.0020336,74,.0065429,150.3095,0,114.9425,24.523001,8.841733,8.841733
APURIMAC,AYMARAES,304,24307,24570,81,15850,414.12,8457,.34792447,5089.856,.20939878,7897.8407,.32492042,3001,.12346238,3495,.88085477,16971,.69819394,.82346096,3665,.00241504,49,1830,20,79,115,13.44,18,40,0,3198,37,5.769427,1,4.1140412,21,0,27,0,.8922064199999999,142.0148,1,0,.6520755,.1437857,.1507796,.0020159,.075287,.0008228,.0032501,.0047311,.131567,.0015222,58,.0023861,86.39487,0,111.0791,24.523001,4.114041,0
APURIMAC,CHINCHEROS,306,45247,46544,43,31565,358.94,14961,.33065176,6867.7788,.15178418,17822.057,.39388373,4341,.09594006,6522,.90090116,31662,.6997591,.83224466,6382,.01361899,380,1477,20,62,161,13.44,30,276,38.085,2836,97,36.42108,2,4.4201826,106,0,50,0,.8922064199999999,142.0148,1,4,.6976153,.1441422,.141048,.0083983,.032643,.000442,.0013703,.0035582,.0626782,.0021438,306,.0067629,234.2697,0,110.5046,24.523001,2.210091,8.840365
APURIMAC,COTABAMBAS,305,50656,55208,50,35532,402.15,14963,.29538455,5640.1315,.11134183,19135.61,.37775605,5123,.10113313,6804,.9103121,36580,.72212571,.81524361,7118,.01102941,200,940,8,66,86,13.44,22,124,32.8,2203,79,19.38815,2,3.9481996,157,0,46,0,.8922064199999999,142.0148,1,5,.7014371,.1343178,.1405164,.0039482,.0185565,.0001579,.0013029,.0016977,.0434894,.0015595,146,.0028822,309.9337,0,90.80859,24.523001,1.9741,9.870499000000001
APURIMAC,GRAU,307,21242,21759,42,16940,282.97,6676,.31428302,3971.3379,.18695687,7906.757,.37222281,2968,.13972319,3302,.92304182,17144,.80708031,.88072478,3536,.00316658,213,1918,7,45,366,13.44,26,55,0,2120,43,9.7685926,1,4.7076546,15,0,24,0,.8922064199999999,142.0148,1,0,.7974767,.1554468,.1664627,.0100273,.0902928,.0003295,.0021184,.01723,.0998023,.0020243,81,.0038132,70.61481999999999,0,112.9837,24.523001,4.707654,0
AREQUIPA,AREQUIPA,401,1080635,1175765,187,538104,1190.47,107843,.09979595,136179.91,.12601842,312163.11,.28887007,117409,.10864816,274619,.33294985,184019,.17028784,.10089541,122413,.39069981,3214,9237,645,1949,7630,20.69,8750,10416,2597.9,38490,2713,111.53146,149,13.788189,2304,121,1223,87,.98662185,17.28787,6,8,.4979517,.2541274,.1132788,.0029742,.0085478,.0005969,.0018036,.0070607,.0356179,.0025106,19166,.0177359,213.208,11.19712021172736,113.1742,10.35574,.5552291,.7403054999999999
AREQUIPA,CAMANA,402,59370,61708,171,29560,1057.13,9807,.16518444,7166.8491,.12071499,18089.721,.30469464,5650,.09516591,12489,.2803781,10763,.18128685,.27406506,8426,0,515,2021,31,214,672,20.69,64,425,798.9,5748,651,14.848885,23,38.740104,105,0,79,0,.98662185,17.28787,6,2,.4978946,.2103588,.1419235,.0086744,.0340408,.0005221,.0036045,.0113188,.0968166,.0109651,489,.0082365,176.857,0,133.0638,10.35574,10.10611,3.368705
AREQUIPA,CARAVELI,403,41346,43690,174,19347,1151.22,6855,.16579597,4692.652,.11349712,12889.733,.31175285,3173,.07674261,7648,.29635108,7413,.17929183,.26388889,5555,.43987136,225,524,9,94,387,20.69,27,131,294.32,2406,209,3.1466089,0,0,26,0,32,0,.98662185,17.28787,6,4,.4679292,.1849756,.134354,.0054419,.0126735,.0002177,.0022735,.00936,.0581918,.0050549,158,.0038214,62.88395,0,77.39564,10.35574,14.51168,9.674455
AREQUIPA,CASTILLA,404,33629,34743,155,16630,1065.83,7843,.23322133,5510.776,.16386975,11226.496,.33383379,3550,.10556365,6484,.38691668,7465,.22198103,.37804636,4468,.33563313,278,872,24,105,569,20.69,32,227,310.3,3812,203,4.8635617,1,2.973624,98,0,72,0,.98662185,17.28787,6,5,.4945137,.1928098,.1328615,.0082667,.02593,.0007137,.0031223,.0169199,.1133545,.0060365,259,.0077017,291.4152,0,214.1009,10.35574,17.84174,14.86812
AREQUIPA,CAYLLOMA,405,86771,97458,157,41951,1043.72,19997,.23045718,10411.421,.11998733,30244.43,.34855459,9188,.10588791,18337,.57617799,30605,.35271001,.41531195,12982,.20298503,551,989,34,179,251,20.69,120,692,1184.9,5358,345,6.1893254,5,5.7622939,86,0,122,2,.98662185,17.28787,6,3,.483468,.2113264,.1496122,.00635,.0113978,.0003918,.0020629,.0028927,.0617487,.003976,812,.009358,99.11145999999999,0,140.6,10.35574,6.914752,3.457376
AREQUIPA,CONDESUYOS,406,16118,16426,149,8132,1111.26,4172,.25884105,2654.2714,.16467747,4954.5429,.30739192,1498,.09293957,2577,.45800156,4689,.29091699,.68093866,2240,.18343482,120,261,5,33,104,20.69,15,39,201.1,1551,54,2.3163371,0,0,42,0,22,0,.98662185,17.28787,6,2,.5045291,.1598834,.1389751,.0074451,.0161931,.0003102,.0020474,.0064524,.0962278,.0033503,54,.0033503,260.5782,0,136.4934,10.35574,37.22546,12.40849
AREQUIPA,ISLAY,407,52034,54851,181,26058,1144.75,8492,.16320098,8849.453600000001,.1700706,14913.635,.28661328,6958,.13372026,11144,.2142256,7292,.14013914,.20375057,6754,0,379,801,18,321,610,20.69,50,214,245.6,3008,259,13.38843,2,3.8436407,74,4,45,0,.98662185,17.28787,6,2,.500788,.2141677,.1297998,.0072837,.0153938,.0003459,.006169,.0117231,.0578084,.0049775,264,.0050736,142.2147,7.687281392935388,86.48192,10.35574,11.53092,3.843641
AREQUIPA,LA UNION,408,12827,12797,79,9150,386.16,4634,.3612692,2506.4643,.19540534,4751.5392,.37043262,1451,.11312076,1977,.7490196099999999,7392,.5762844,.81471004,2039,.23670118,68,206,9,32,80,20.69,47,31,533,1266,28,2.7024692,0,0,17,0,27,0,.98662185,17.28787,6,2,.7133389999999999,.154128,.1589616,.0053013,.0160599,.0007016,.0024947,.0062368,.0986981,.0021829,78,.0060809,132.5329,0,210.4935,10.35574,46.77633,15.59211
AYACUCHO,CANGALLO,502,30443,32482,25,21835,307.46,11641,.38238676,5351.025,.17577194,11299.748,.37117722,2967,.09746083,5324,.92231363,25372,.8334264,.86484383,4891,.00958419,237,1886,11,42,1478,18.52,38,224,26.6,2471,89,15.887421,1,3.2848274,126,0,46,0,.96325301,19.48759,1,6,.7172421,.1748842,.1606609,.007785,.0619518,.0003613,.0013796,.0485497,.0811681,.0029235,262,.0086062,413.8882,0,151.1021,3.189295,3.284827,19.70896
AYACUCHO,HUAMANGA,501,282194,317801,132,162641,685.91,54195,.19204873,27746.619,.09832462,100536.84,.35626854,27830,.0986201,63481,.8083546,144863,.51334543,.42668157,38217,0,1220,9045,220,279,5806,18.52,638,2383,130.21,18979,1130,94.664207,29,10.276618,509,18,291,9,.96325301,19.48759,1,18,.5763447,.2249552,.1354281,.0043233,.0320524,.0007796,.0009887,.0205745,.0672552,.0040043,3021,.0107054,180.3724,6.378590614967008,103.1206,3.189295,.3543662,6.378591
AYACUCHO,HUANCA SANCOS,503,8409,8341,55,5851,507.48,2904,.34534427,1572.6776,.18702315,2890.2235,.34370597,1338,.15911523,1612,.91763134,6688,.79533833,.85433884,1043,.03106454,93,599,1,13,482,18.52,10,44,116,1058,20,2.9378164,0,0,12,0,9,0,.96325301,19.48759,1,1,.6958021,.1916994,.1240338,.0110596,.0712332,.0001189,.001546,.0573195,.1258176,.0023784,54,.0064217,142.7042,0,107.0282,3.189295,11.89202,11.89202
AYACUCHO,HUANTA,504,89466,97205,48,54619,453.55,24872,.27800505,9513.656300000001,.10633823,35904.54,.4013205,8185,.09148727,19045,.80160339,52162,.58303713,.64984973,14738,.04013617,447,2407,4,94,1528,18.52,51,189,43.62,5358,185,23.064727,0,0,132,0,65,0,.96325301,19.48759,1,6,.6105001,.2128742,.164733,.0049963,.0269041,.0000447,.0010507,.0170791,.0598887,.0020678,240,.0026826,147.5421,0,72.6533,3.189295,1.117743,6.706458
AYACUCHO,LA MAR,505,70653,75277,36,41933,339.11,23797,.33681514,7434.1381,.10522042,28771.014,.40721574,5626,.07962861,11168,.84988586,50727,.71797376,.70733132,12898,.00521009,196,3764,12,59,2173,18.52,78,352,46.71,6294,216,16.086199,6,8.492208400000001,159,0,57,0,.96325301,19.48759,1,8,.5935063,.1580683,.1825542,.0027741,.0532745,.0001698,.0008351,.0307559,.0890833,.0030572,430,.0060861,225.0435,0,80.67598,3.189295,1.415368,11.32294
AYACUCHO,LUCANAS,506,51328,51838,67,31197,591.8099999999999,14812,.28857544,10007.794,.19497728,16590.749,.32322998,6142,.11966178,9651,.7332786100000001,24816,.4834788,.78845599,6896,.00592253,402,2694,13,78,2372,18.52,61,244,81.794,4453,148,3.5411711,2,3.8965087,166,4,57,0,.96325301,19.48759,1,4,.6077969,.188026,.1343516,.007832,.052486,.0002533,.0015196,.0462126,.0867558,.0028834,305,.0059422,323.4102,7.793017456359102,111.0505,3.189295,1.948254,7.793017
AYACUCHO,PARINACOCHAS,507,27659,29139,75,16649,637.71,6846,.24751437,4160.1611,.15040895,9853.207,.35623873,3499,.12650494,4713,.70658021,14377,.51979464,.7250386,3837,.00518447,139,1086,1,29,1448,18.52,37,144,0,2648,48,4.6343025,0,0,61,2,32,0,.96325301,19.48759,1,1,.6019379,.1703966,.1387252,.0050255,.0392639,.0000362,.0010485,.0523519,.0957374,.0017354,181,.006544,220.543,7.23091941140316,115.6947,3.189295,3.61546,3.61546
AYACUCHO,PAUCAR DEL SARA SARA,508,9609,9909,112,5698,579.9400000000001,2426,.25247164,1926.2828,.20046652,3063.5817,.31882419,1308,.13612239,1984,.6432390100000001,4994,.51972109,.78249678,1297,.19733805,144,650,1,28,480,18.52,6,49,0,1207,56,4.5822604,0,0,46,0,14,0,.96325301,19.48759,1,3,.5929856999999999,.2064731,.1349776,.014986,.0676449,.0001041,.0029139,.0499532,.1256114,.0058279,55,.0057238,478.7179,0,145.6967,3.189295,10.40691,31.22073
AYACUCHO,SUCRE,509,9445,9292,39,6281,500.14,2985,.31604023,1996.7723,.21141051,3199.3016,.33872965,1003,.10619375,1524,.90918663,7266,.76929592,.85727083,1231,.00173732,151,400,5,7,822,18.52,16,18,36.94,445,19,5.28942,0,0,29,0,6,0,.96325301,19.48759,1,2,.6650079,.1613552,.1303335,.0159873,.0423504,.0005294,.0007411,.0870302,.0471149,.0020116,34,.0035998,307.0408,0,63.52568,3.189295,10.58761,21.17522
AYACUCHO,VICTOR FAJARDO,510,20109,19866,13,13491,430.04,7633,.37958128,4393.516,.21848506,6199.5276,.30829616,2461,.12238301,3315,.89445229,16414,.81625143,.87534664,2687,.00091252,149,742,6,38,1061,18.52,10,30,1,1152,17,8.897787599999999,1,4.9728977,56,0,10,0,.96325301,19.48759,1,3,.6708936,.1648516,.1336218,.0074096,.0368989,.0002984,.0018897,.0527624,.0572878,.0008454,40,.0019892,278.4823,0,49.72898,3.189295,4.972898,14.91869
AYACUCHO,VILCAS HUAMAN,511,16861,17063,45,12678,350.51,7146,.42381828,3713.9826,.2202706,5873.7217,.34836141,2396,.14210308,2604,.93481226,14428,.85570251,.87828357,2584,.00812432,284,1446,10,18,899,18.52,17,45,33.232,875,57,14.311299,1,5.9308463,25,0,11,0,.96325301,19.48759,1,2,.7519127,.1544392,.1532531,.0168436,.08576,.0005931,.0010676,.0533183,.0518949,.0033806,62,.0036771,148.2712,0,65.23931,3.189295,5.930846,11.86169
CAJAMARCA,CAJABAMBA,602,75687,83167,15,50941,453.77,29872,.39467808,9418.8079,.1244442,32242.398,.42599651,5398,.07132004,13317,.05004155,426,.00562844,.7845726200000001,10986,0,241,1066,26,34,46,11.92,80,367,14.5465,1977,116,41.870616,4,5.2849234,92,0,49,0,.91698585,29.78354,2,1,.6730482,.1759483,.1451504,.0031842,.0140843,.0003435,.0004492,.0006078,.0261207,.0015326,447,.0059059,121.5532,0,64.74030999999999,14.611505,2.642462,1.321231
CAJAMARCA,CAJAMARCA,601,348433,388170,92,208075,891.36,90450,.2595908,36728.666,.10541099,123394.24,.3541405,24785,.07113276,72368,.12359451,5768,.01655412,.44705452,47103,0,1875,1718,129,183,305,11.92,588,1310,42.88,9011,1044,116.93246,16,4.5919876,491,63,357,34,.91698585,29.78354,2,8,.5971736,.2076956,.1351852,.0053812,.0049306,.0003702,.0005252,.0008753,.0258615,.0029963,1898,.0054472,140.9166,18.08095100062279,102.4587,14.611505,.5739985,2.295994
CAJAMARCA,CELENDIN,603,79084,83916,4,52449,364.85,32573,.41187851,11101.601,.14037734,31602.904,.39961186,6564,.08300035,14191,.05225281,901,.01139295,.80820135,14146,.02067667,469,1451,39,66,142,11.92,48,170,3.618,2865,157,29.93803,3,3.7934348,61,0,28,0,.91698585,29.78354,2,1,.6632062,.1794421,.1788731,.0059304,.0183476,.0004931,.0008346,.0017956,.0362273,.0019852,218,.0027566,77.13317000000001,0,35.40539,14.611505,2.528957,1.264478
CAJAMARCA,CHOTA,604,142984,151714,3,95416,463.23,60492,.42306832,22300.858,.15596751,51924.043,.36314583,11965,.08368069,25017,.02785098,1769,.01237201,.73991902,26210,.00513794,862,2837,53,297,707,11.92,163,832,32.19,7733,390,37.676943,7,4.8956527,210,5,90,0,.91698585,29.78354,2,2,.6673194,.1749636,.1833072,.0060286,.0198414,.0003707,.0020772,.0049446,.054083,.0027276,995,.0069588,146.8696,3.496894757455379,62.94411,14.611505,1.398758,1.398758
CAJAMARCA,CONTUMAZA,605,27693,29357,40,18321,657.38,10703,.38648756,5090.6413,.18382412,9437.877699999999,.34080373,3449,.12454411,5227,.02771046,232,.00837757,.63840256,3746,.00881773,176,1397,7,462,124,11.92,11,51,22.195,1479,142,13.376128,0,0,69,0,22,0,.91698585,29.78354,2,3,.6615751,.1887481,.1352688,.0063554,.050446,.0002528,.0166829,.0044777,.053407,.0051276,62,.0022388,249.1604,0,79.44246,14.611505,7.222042,10.83306
CAJAMARCA,CUTERVO,606,120723,123948,5,76435,434.91,48555,.40220173,16285.259,.13489773,45336.599,.37554235,11288,.09350331,20220,.01820531,1281,.01061107,.72737193,24514,0,1377,2998,25,327,223,11.92,111,809,22.38,4038,357,39.862835,3,2.4850277,144,0,87,0,.91698585,29.78354,2,16,.6331437,.1674909,.2030599,.0114063,.0248337,.0002071,.0027087,.0018472,.0334485,.0029572,920,.0076208,119.2813,0,72.0658,14.611505,1.656685,13.25348
CAJAMARCA,HUALGAYOC,607,77944,83913,17,52664,490.02,36269,.46532126,11276.038,.14466845,26860.555,.3446135,7142,.09162989,12988,.11343824,740,.009494,.79351774,16419,0,305,821,11,64,74,11.92,43,229,6.364,2810,208,100.28176,1,1.2829724,40,0,46,0,.91698585,29.78354,2,1,.6756645999999999,.1666325,.2106512,.0039131,.0105332,.0001411,.0008211,.0009494,.0360515,.0026686,272,.0034897,51.3189,0,59.01673,14.611505,2.565945,1.282972
CAJAMARCA,JAEN,608,185432,203724,72,105870,809.43,53740,.28980974,20194.963,.10890765,69618.469,.37543935,17215,.09283727,33944,.0542744,3297,.0177801,.46929693,32732,0,1543,5927,71,472,165,11.92,361,985,44.5,7859,1078,35.435123,26,14.021312,279,10,153,9,.91698585,29.78354,2,4,.570937,.1830536,.1765175,.0083211,.0319632,.0003829,.0025454,.0008898,.0423821,.0058135,1346,.0072587,150.4595,5.392812459553907,82.51003,14.611505,1.078562,2.157125
CAJAMARCA,SAN IGNACIO,609,130620,145770,16,75537,429.46,44718,.34235186,13020.164,.09967971,57734.903,.44200661,10080,.07717042,19589,.02177633,1644,.01258613,.723003,23438,0,1045,3588,37,160,119,11.92,52,206,44.22,4652,468,26.176353,2,1.5311591,65,0,47,0,.91698585,29.78354,2,1,.5782958,.1499694,.1794365,.0080003,.027469,.0002833,.0012249,.000911,.0356148,.0035829,258,.0019752,49.76267,0,35.98224,14.611505,1.531159,.7655795
CAJAMARCA,SAN MARCOS,610,48103,51678,6,34064,465.14,20716,.43065921,6797.3247,.14130771,17830.082,.37066466,3093,.06429952,6818,.04434497,420,.00873126,.79388371,7856,0,233,467,18,97,129,11.92,33,114,0,1868,61,35.317915,0,0,43,0,24,0,.91698585,29.78354,2,3,.7081471,.1417375,.1633162,.0048438,.0097083,.0003742,.0020165,.0026817,.0388333,.0012681,147,.0030559,89.39152,0,49.89294,14.611505,4.157745,6.236617
CAJAMARCA,SAN MIGUEL,611,46043,47114,12,29894,469.65,20490,.44501879,8717.7325,.18933893,15029.44,.32642181,5113,.11104837,7580,.07471295,512,.01112004,.83779131,8028,.06156265,82,1282,22,53,97,11.92,35,103,33.62,2453,82,18.112903,1,2.1718828,113,0,22,0,.91698585,29.78354,2,1,.6492627,.1646287,.1743588,.0017809,.0278435,.0004778,.0011511,.0021067,.0532763,.0017809,138,.0029972,245.4228,0,47.78142,14.611505,4.343766,2.171883
CAJAMARCA,SAN PABLO,612,21102,22638,1,14588,393.44,8889,.42123969,3259.6358,.15447047,7978.2777,.37808159,1797,.0851578,3851,.08069533,125,.00592361,.81991261,3051,.98681115,46,432,10,12,19,11.92,26,72,14.61,893,42,31.401786,0,0,24,0,10,0,.91698585,29.78354,2,1,.6913089,.1824946,.1445834,.0021799,.020472,.0004739,.0005687,.0009004,.0423183,.0019903,98,.0046441,113.7333,0,47.38887,14.611505,9.477774999999999,4.738887
CAJAMARCA,SANTA CRUZ,613,37164,38602,10,24106,524.16,13917,.3744753,6756.5079,.1818025,12707.087,.34191925,3816,.10268001,5974,.01801617,418,.01124744,.81011984,7187,.0418751,246,771,7,106,35,11.92,25,87,0,1000,107,26.208745,1,2.690776,52,0,26,0,.91698585,29.78354,2,1,.6486385,.160747,.1933861,.0066193,.0207459,.0001884,.0028522,.0009418,.0269078,.0028791,112,.0030137,139.9203,0,69.96017000000001,14.611505,5.381552,2.690776
CALLAO,CALLAO,701,994494,1129854,158,512451,1162.47,89434,.08992915,124005.44,.12469199,303855.59,.30553788,107878,.10847526,238940,.11072953,61078,.06141616,.05702965,127464,.74662995,5424,22764,1165,3596,10012,27.06,1419,7336,911.3,45063,8033,6766.1859,241,24.233429,2189,111,1336,81,.98154018,20.62045,3,9,.5152882,.2402629,.1281697,.005454,.02289,.0011715,.0036159,.0100674,.0453125,.0080775,8755,.0088035,220.1119,11.16145497107071,134.3397,8.144845999999999,.301661,.9049829
CUSCO,ACOMAYO,802,22940,24000,70,16587,328.64,8614,.37550131,3666.6988,.15983866,9249.045099999999,.40318418,3249,.14163034,3469,.90558713,18881,.82306016,.88515568,3180,.60263205,90,142,3,1,218,14.45,7,28,34.58,632,27,24.192698,1,4.3591979,35,0,15,0,.9954592799999999,36.43407,3,3,.7230601,.1512206,.1386225,.0039233,.0061901,.0001308,.0000436,.0095031,.0275501,.001177,35,.0015257,152.5719,0,65.38797,13.6286,13.07759,13.07759
CUSCO,ANTA,803,56206,63131,113,36387,436.88,16618,.29566238,8320.3151,.14803251,20037.028,.35649269,5961,.10605629,8622,.84379077,35851,.6378500499999999,.7821858699999999,8278,.18487222,57,397,9,37,250,14.45,24,93,144.8,1927,18,29.958638,2,3.558339,44,0,28,0,.9954592799999999,36.43407,3,4,.6473864,.1534,.1472796,.0010141,.0070633,.0001601,.0006583,.0044479,.0342846,.0003203,117,.0020816,78.28345,0,49.81675,13.6286,5.337509,7.116678
CUSCO,CALCA,804,63155,71582,87,39542,464.23,20672,.32732167,8081.9,.12796928,24592.243,.38939503,7668,.12141556,9822,.87098833,42671,.67565513,.7090739,10314,.24221077,93,782,9,89,351,14.45,41,159,67.48,2795,51,14.306296,5,7.9170295,86,0,38,0,.9954592799999999,36.43407,3,3,.6261104,.1555221,.1633125,.0014726,.0123822,.0001425,.0014092,.0055578,.0442562,.0008075,200,.0031668,136.1729,0,60.16943,13.6286,4.750218,4.750218
CUSCO,CANAS,805,32484,34754,21,26203,207.71,12047,.3708595,5190.1589,.15977585,13133.828,.40431683,5073,.15616919,5100,.94575265,28332,.87218323,.92204582,4980,.89964272,10,58,8,19,188,14.45,21,34,0,560,6,15.440925,2,6.1568772,30,0,20,0,.9954592799999999,36.43407,3,3,.8066432,.1570004,.1533062,.0003078,.0017855,.0002463,.0005849,.0057875,.0172393,.0001847,55,.0016931,92.35316,0,61.56877,13.6286,9.235315999999999,9.235315999999999
CUSCO,CANCHIS,806,95774,106476,115,57682,604.52,25588,.26717063,12953.579,.13525152,34407.181,.35925388,12437,.12985779,21207,.8922082099999999,59159,.61769374,.6674381,11735,.05177133,189,676,71,44,225,14.45,100,420,43.05,3027,123,23.94787,11,11.485372,149,4,91,0,.9954592799999999,36.43407,3,6,.602272,.2214275,.122528,.0019734,.0070583,.0007413,.0004594,.0023493,.0316057,.0012843,520,.0054294,155.5746,4.176498841021572,95.01535,13.6286,3.132374,6.264748
CUSCO,CHUMBIVILCAS,807,66410,70143,28,49686,392.79,24475,.36854389,9804.332899999999,.14763338,26751.287,.40282017,7818,.11772323,10841,.93924002,55001,.8282035800000001,.83312349,9560,.00354026,118,403,4,29,511,14.45,32,99,37.71,1682,15,12.364366,12,18.069568,67,1,47,0,.9954592799999999,36.43407,3,5,.7481704,.1632435,.1439542,.0017768,.0060684,.0000602,.0004367,.0076946,.0253275,.0002259,131,.0019726,100.8884,1.505797319680771,70.77248,13.6286,4.517392,7.528986
CUSCO,CUSCO,801,447588,511019,184,214383,1195.5,42257,.09441048,44872.762,.10025461,140245.5,.31333615,45294,.10119574,95954,.64661975,137050,.30619677,.18779717,46540,.47809158,1054,3801,633,552,1785,14.45,3800,5602,157.29,10702,968,725.42626,103,23.012234,1179,36,569,61,.9954592799999999,36.43407,3,5,.478974,.2143802,.1039796,.0023548,.0084922,.0014142,.0012333,.003988,.0239104,.0021627,9402,.0210059,263.4119,8.043111075363951,127.1258,13.6286,.6702592000000001,1.117099
CUSCO,ESPINAR,808,57582,62059,107,37432,695.03,16385,.28455073,7216.0014,.12531696,21702.97,.37690545,7061,.12262513,12737,.9022744700000001,37933,.65876489,.66955162,7062,.17077731,42,164,2,15,233,14.45,35,250,8.932,1205,26,10.841842,7,12.156577,51,5,50,0,.9954592799999999,36.43407,3,2,.6500642,.2211976,.1226425,.0007294,.0028481,.0000347,.0002605,.0040464,.0209267,.0004515,285,.0049495,88.56934,8.683269077142162,86.83269,13.6286,5.209961,3.473308
CUSCO,LA CONVENCION,809,147148,167910,128,82493,590.4,41595,.28267459,17820.05,.12110291,54759.663,.37214004,16039,.1089991,21253,.62326861,76805,.52195748,.64250749,22975,.02917031,650,2852,68,335,1106,14.45,393,1204,69.54000000000001,7962,632,4.8786181,0,0,351,3,141,0,.9954592799999999,36.43407,3,18,.5606124,.1444328,.1561353,.0044173,.0193818,.0004621,.0022766,.0075162,.0541088,.004295,1597,.010853,238.5354,2.038763693696143,95.82189,13.6286,2.038764,12.23258
CUSCO,PARURO,810,25567,26644,57,18974,226.79,10967,.42895138,4606.42,.18017053,9321.2731,.3645822,2764,.10810811,2750,.90378736,22183,.86764188,.91835972,3902,.24024792,109,86,3,7,113,14.45,21,56,48.15228,631,35,12.886593,2,7.8225838,24,0,14,0,.9954592799999999,36.43407,3,3,.7421286,.1075605,.1526186,.0042633,.0033637,.0001173,.0002738,.0044198,.0246803,.001369,77,.0030117,93.871,0,54.75809,13.6286,11.73388,11.73388
CUSCO,PAUCARTAMBO,811,42504,47579,35,28326,235.48,17054,.40123283,4650.4228,.10941142,19555.896,.46009542,4072,.09580275,5156,.93088498,34251,.80583004,.85183941,7538,.06875142,52,68,0,19,78,14.45,11,72,29.86,1219,19,6.7520147,4,9.410879,47,0,21,0,.9954592799999999,36.43407,3,4,.6664314,.1213062,.177348,.0012234,.0015998,0,.000447,.0018351,.0286797,.000447,83,.0019528,110.5778,0,49.40712,13.6286,7.058159,9.410879
CUSCO,QUISPICANCHI,812,87430,101735,62,60382,420.78,28968,.33132792,9721.9622,.1111971,37961.474,.43419278,8122,.09289717,14176,.86759084,60686,.69410957,.73351159,24703,.04858242,316,413,5,47,140,14.45,58,113,150.65,3020,154,11.557171,0,0,81,0,40,0,.9954592799999999,36.43407,3,5,.6906325,.1621411,.282546,.0036143,.0047238,.0000572,.0005376,.0016013,.0345419,.0017614,171,.0019559,92.64555,0,45.75089,13.6286,3.431316,5.718861
CUSCO,URUBAMBA,813,60739,70043,131,33780,827,14122,.232503,7324.9897,.1205978,21305.816,.35077654,5095,.0838835,8700,.83230942,33160,.54594248,.58641178,7558,.04471941,63,353,9,56,79,14.45,34,67,51.68,1314,41,42.196564,7,11.524721,45,0,35,0,.9954592799999999,36.43407,3,5,.5561501,.1432358,.1244341,.0010372,.0058118,.0001482,.000922,.0013006,.0216335,.000675,101,.0016629,74.08749,0,57.6236,13.6286,4.939166,8.231942999999999
HUANCAVELICA,ACOBAMBA,902,38208,37503,66,25330,269.35,13441,.35178497,5012.1515,.13118068,15175.726,.39718714,2572,.06731575,6087,.9100743100000001,29407,.76965557,.87090164,5279,.00225674,205,329,18,47,1064,17.2,42,297,136.62,1431,72,41.949013,4,10.469012,66,0,38,0,.99813466,206.6936,1,6,.6629502,.1593122,.1381648,.0053654,.0086108,.0004711,.0012301,.0278476,.0374529,.0018844,339,.0088725,172.7387,0,99.45560999999999,16.51398,2.617253,15.70352
HUANCAVELICA,ANGARAES,903,49207,53901,33,35481,329.18,15682,.31869449,6035.8108,.12266163,20912.596,.4249923,4235,.08606499,8872,.8988096800000001,34632,.7038023,.7737064299999999,7178,.00663684,235,890,9,12,831,17.2,69,334,30.04,1581,72,25.118428,0,0,50,3,33,0,.99813466,206.6936,1,6,.7210559,.1802996,.1458736,.0047757,.0180869,.0001829,.0002439,.0168878,.0321296,.0014632,403,.0081899,101.6116,6.09669355985937,67.06363,16.51398,2.032231,12.19339
HUANCAVELICA,CASTROVIRREYNA,904,13982,14588,89,8373,555.28,4074,.29137462,2795.5723,.19994081,5190.8877,.37125502,1809,.12938063,3087,.59213382,3748,.26805893,.7729421,2321,.00463164,92,154,4,7,587,17.2,19,96,99.23,1111,26,3.5089921,0,0,24,0,30,0,.99813466,206.6936,1,6,.5988414,.2207839,.1659991,.0065799,.0110142,.0002861,.0005006,.0419826,.0794593,.0018595,115,.0082249,171.6493,0,214.5616,16.51398,7.152052,42.91232
HUANCAVELICA,CHURCAMPA,905,32538,33883,68,21002,360.4,11575,.35573791,4786.9199,.14711783,13176.852,.40496811,2883,.08860409,5458,.86506351,23835,.73252812,.8604483000000001,4624,.07820749,194,1882,11,62,984,17.2,45,106,85.34999999999999,982,75,30.352612,3,9.219988900000001,31,0,29,0,.99813466,206.6936,1,4,.6454607,.1677423,.1421108,.0059623,.0578401,.0003381,.0019055,.0302416,.0301801,.002305,151,.0046407,95.27321999999999,0,89.12656,16.51398,3.07333,12.29332
HUANCAVELICA,HUANCAVELICA,901,115054,121265,91,75512,567.85,28662,.24911781,15029.093,.13062642,44830.887,.38965083,11624,.10103082,24518,.78818814,60142,.52272846,.62612515,15923,.00611407,720,1223,79,130,2668,17.2,173,1257,206.11,4999,194,27.289848,21,18.252299,226,16,159,19,.99813466,206.6936,1,17,.6563179,.2130999,.1383959,.0062579,.0106298,.0006866,.0011299,.0231891,.0434492,.0016862,1430,.0124289,196.4295,13.90651346324335,138.196,16.51398,.8691571,14.77567
HUANCAVELICA,HUAYTARA,906,17247,18182,117,11750,574.33,5827,.33785586,3910.6853,.22674583,5796.1,.33606424,2277,.13202296,3648,.60914968,5870,.34034905,.8569653699999999,2693,.00282904,206,177,4,39,966,17.2,11,53,41.82,1174,30,2.6704798,0,0,31,0,36,0,.99813466,206.6936,1,3,.6812779,.211515,.1561431,.0119441,.0102627,.0002319,.0022613,.0560097,.0680698,.0017394,64,.0037108,179.7414,0,208.7319,16.51398,5.79811,17.39433
HUANCAVELICA,TAYACAJA,907,81403,85995,52,50656,432.97,27867,.34233382,11213.242,.13774974,31813.999,.39082096,7582,.09314153,12810,.78805215,50576,.62130388,.84063942,11830,.00944764,128,696,27,104,3534,17.2,98,618,159.6,2900,48,24.148027,7,8.5991917,97,4,83,0,.99813466,206.6936,1,15,.6222867,.1573652,.1453263,.0015724,.0085501,.0003317,.0012776,.0434136,.0356252,.0005897,716,.0087957,119.1602,4.913823814847118,101.9618,16.51398,1.228456,18.42684
HUANUCO,AMBO,1002,50880,53247,88,32634,470.76,18533,.36424921,7696.4355,.15126642,18710.901,.36774569,4286,.08423742,8588,.40013144,13071,.25689858,.6657375800000001,9227,0,326,1412,4,116,88,16.06,45,88,105.3,3977,273,32.182163,10,19.654088,54,0,33,0,.95992956,19.66055,1,0,.6413915,.1687893,.1813483,.0064072,.0277516,.0000786,.0022799,.0017296,.0781643,.0053656,133,.002614,106.1321,0,64.85849,6.475867,1.965409,0
HUANUCO,DOS DE MAYO,1003,33258,32427,71,23466,548.75,10956,.3294245,4627.7727,.13914765,13825.335,.41569954,3469,.10430573,6552,.60636968,15463,.46494077,.82953471,5640,.01471565,120,606,4,11,215,16.06,20,86,3,2152,56,23.097758,2,6.0135907,83,0,20,0,.95992956,19.66055,1,1,.7055746000000001,.1970052,.1695833,.0036082,.0182212,.0001203,.0003307,.0064646,.0647062,.0016838,106,.0031872,249.564,0,60.13591,6.475867,3.006795,3.006795
HUANUCO,HUACAYBAMBA,1004,16551,16372,11,13174,337.07,5573,.33671681,2147.5297,.12975226,7130.6001,.43082594,1207,.07292611,3006,.49539062,12652,.76442511,.96053269,1854,0,117,508,4,34,52,16.06,33,59,14.57,1015,29,9.491885099999999,1,6.041931,3,0,9,0,.95992956,19.66055,1,0,.795964,.1816204,.1120174,.0070691,.030693,.0002417,.0020543,.0031418,.0613256,.0017522,92,.0055586,18.12579,0,54.37738,6.475867,6.041931,0
HUANUCO,HUAMALIES,1005,52039,52095,73,34977,478.54,17915,.34426103,7441.2493,.1429937,21057.085,.40464047,5915,.11366475,9817,.64886764,28762,.55270086,.83483748,7436,.02171009,336,1451,3,99,274,16.06,52,119,14.09,3874,212,16.546582,4,7.6865428,67,0,43,0,.95992956,19.66055,1,1,.6721305,.188647,.1428928,.0064567,.0278829,.0000576,.0019024,.0052653,.0744442,.0040739,171,.003286,128.7496,0,82.63033,6.475867,1.921636,1.921636
HUANUCO,HUANUCO,1001,293397,315799,150,167160,828.53,64425,.21958302,32126.828,.10949951,102957.78,.35091625,27285,.09299686,68935,.4168018,63822,.21752779,.43050963,39722,.10139086,621,3777,149,536,590,16.06,364,1526,348.15,14024,925,72.929903,80,27.266809,437,28,273,19,.95992956,19.66055,1,2,.56974,.2349547,.1353865,.0021166,.0128733,.0005078,.0018269,.0020109,.0477987,.0031527,1890,.0064418,148.9449,9.54338319751054,93.04799,6.475867,.3408351,.6816702
HUANUCO,LAURICOCHA,1010,18913,17114,93,12805,570.62,4956,.26204198,2716.4282,.14362757,7113.6896,.37612698,1653,.0874002,3363,.54528328,4726,.24988103,.93250412,3306,.00247833,54,425,6,17,144,16.06,22,32,17.28,1089,21,10.16828,4,21.149474,25,0,18,0,.95992956,19.66055,1,0,.6770476,.1778142,.1748004,.0028552,.0224713,.0003172,.0008989,.0076138,.0575794,.0011103,54,.0028552,132.1842,0,95.17263,6.475867,5.287368,0
HUANUCO,LEONCIO PRADO,1006,127793,138275,156,71059,812.47,28947,.22651475,11721.781,.09172475,46987.252,.36768252,12730,.09961422,28759,.2300351,18907,.1479502,.30081721,19130,0,948,3409,64,414,393,16.06,216,1163,87.22,6507,1360,25.801183,12,9.3901857,235,11,85,0,.95992956,19.66055,1,1,.5560477,.2250436,.1496952,.0074182,.026676,.0005008,.0032396,.0030753,.0509183,.0106422,1379,.0107909,183.8911,8.607670216678535,66.51382,6.475867,.7825155,.7825155
HUANUCO,MARAÃ‘ON,1007,26622,29160,77,18748,442.01,8993,.33780332,2657.3552,.09981802,12117.715,.45517672,2609,.09800165,4253,.42660669,6020,.22612877,.83739952,3385,0,158,559,2,78,220,16.06,8,58,84.145,1841,61,5.54394,3,11.268875,12,0,13,0,.95992956,19.66055,1,0,.7042296,.1597551,.1271505,.0059349,.0209977,.0000751,.0029299,.0082638,.0691533,.0022913,66,.0024792,45.0755,0,48.83179,6.475867,3.756292,0
HUANUCO,PACHITEA,1008,49159,50086,37,31086,356.39,20143,.40975203,4740.4983,.09643195,21582.748,.4390396,3159,.06426087,8664,.67152219,24501,.49840314,.80693964,8308,0,106,513,6,131,115,16.06,46,225,17.068,2376,159,18.691635,5,10.171078,18,0,23,0,.95992956,19.66055,1,0,.6323562,.1762444,.1690026,.0021563,.0104355,.0001221,.0026648,.0023393,.048333,.0032344,271,.0055127,36.61588,0,46.78696,6.475867,2.034215,0
HUANUCO,PUERTO INCA,1009,32538,36987,137,18066,649.92,9801,.30121704,2406.3733,.07395578,14952.327,.4595343,2259,.06942652,4407,.20173421,3468,.10658307,.15622495,5565,0,215,949,5,96,116,16.06,20,52,84.23,2584,171,3.2820254,1,3.0733296,64,0,20,0,.95992956,19.66055,1,0,.5552278,.1354416,.1710308,.0066077,.0291659,.0001537,.0029504,.0035651,.0794148,.0052554,72,.0022128,196.6931,0,61.46659,6.475867,3.07333,0
HUANUCO,YAROWILCA,1011,19897,18705,53,14952,269.33,7321,.36794492,3501.2489,.17596868,8439.2912,.42414893,2074,.10423682,4173,.88251827,14025,.70488013,.93507509,3536,0,49,187,2,29,181,16.06,16,51,38.995,1367,18,26.180263,0,0,7,0,19,0,.95992956,19.66055,1,0,.7514701,.2097301,.1777152,.0024627,.0093984,.0001005,.0014575,.0090968,.0687038,.0009047,67,.0033673,35.18118,0,95.49178000000001,6.475867,5.025883,0
ICA,CHINCHA,1102,226113,262110,195,116628,912.67,27431,.12131545,26498.476,.1171913,80511.755,.35606867,22573,.09983062,49174,.0918385,7912,.03499135,.21516085,32543,.08153846,552,3804,273,351,2326,15.87,362,1941,1339.8,8048,929,75.66685699999999,30,13.267702,326,23,199,0,.9067015899999999,20.81446,2,2,.5157952,.2174753,.1439236,.0024413,.0168234,.0012074,.0015523,.0102869,.0355928,.0041086,2303,.0101852,144.1757,10.17190519784356,88.00909,12.169327,.8845135,.8845135
ICA,ICA,1101,391519,445752,194,195401,1045.31,35499,.09066993,47674.789,.12176877,122100.4,.31186328,41441,.10584671,97259,.17114771,30957,.07906896,.19621681,53974,.03040722,2504,6314,687,1258,6177,15.87,3075,5270,1375.8,18189,4243,49.597036,120,30.649854,643,68,543,25,.9067015899999999,20.81446,2,6,.4990843,.2484145,.1378579,.0063956,.0161269,.0017547,.0032131,.015777,.0464575,.0108373,8345,.0213144,164.2321,17.36825032757031,138.6906,12.169327,.5108309,1.532493
ICA,NAZCA,1103,69157,78472,196,35474,993.51,8151,.11786226,8253.7436,.11934791,21892.335,.31655993,7904,.11429067,17058,.21982249,7673,.11095045,.23304218,9494,.12678824,284,2038,31,123,805,15.87,63,684,657.8,4665,418,13.212172,6,8.675911299999999,118,6,71,4,.9067015899999999,20.81446,2,1,.5129488,.2466562,.1372818,.0041066,.0294692,.0004483,.0017786,.0116402,.0674552,.0060442,747,.0108015,170.6263,8.675911332186185,102.6649,12.169327,2.89197,1.445985
ICA,PALPA,1104,13232,14832,192,7281,941.93,2125,.16059553,2167.1329,.16377969,4279.9646,.32345561,1588,.12001209,3104,.13674311,1092,.08252721,.33955405,2122,.13021759,43,697,16,45,908,15.87,18,158,941.7,1480,52,10.732594,1,7.5574365,45,0,24,0,.9067015899999999,20.81446,2,1,.550257,.2345828,.1603688,.0032497,.0526753,.0012092,.0034008,.0686215,.1118501,.0039299,176,.0133011,340.0847,0,181.3785,12.169327,15.11487,7.557436
ICA,PISCO,1105,150744,174016,193,81351,905.33,18109,.12013082,16867.896,.11189763,53519.078,.35503289,14904,.09886961,36118,.13586645,9564,.06344531,.18403641,22537,0,924,4044,86,166,1179,15.87,136,987,892.1,7992,1195,37.892609,33,21.891419,250,8,130,0,.9067015899999999,20.81446,2,3,.5396633,.2395983,.1495051,.0061296,.0268269,.0005705,.0011012,.0078212,.053017,.0079273,1123,.0074497,165.8441,5.307010560951016,86.23891999999999,12.169327,1.326753,1.990129
JUNIN,CHANCHAMAYO,1203,151489,167385,130,79790,701.59,35380,.23354831,15413.951,.10174964,58728.558,.38767539,16062,.1060275,31359,.36487653,26659,.17597977,.39022637,25333,.01729149,424,2650,125,266,2028,20.32,137,787,188.1,8150,399,32.01,14,9.2415951,214,9,128,4,.9914134999999999,16.92319,4,4,.5267049,.2070051,.1672267,.0027989,.017493,.0008251,.0017559,.0133871,.0537993,.0026339,924,.0060995,141.2644,5.941025420987663,84.49458,32.98497,2.640456,2.640456
JUNIN,CHUPACA,1209,52988,57604,153,29256,768.7,10468,.19755416,8036.0398,.15165773,17471.359,.32972294,5673,.10706198,12679,.42984763,6702,.12648147,.50420639,6932,0,99,1034,5,27,1047,20.32,41,130,237.01,1614,48,45.954642,5,9.436098700000001,18,0,27,0,.9914134999999999,16.92319,4,1,.552125,.2392806,.1308221,.0018683,.0195139,.0000944,.0005095,.0197592,.0304597,.0009059,171,.0032271,33.96996,0,50.95493,32.98497,7.548879,1.88722
JUNIN,CONCEPCION,1202,55591,59138,122,33003,614.17,13692,.24629886,8739.721100000001,.15721468,19798.553,.35614673,6094,.10962206,12267,.2939152,5532,.09951251,.63979092,7842,.00220257,97,452,1,31,1112,20.32,62,309,341.27,2027,29,18.119622,4,7.1954093,60,0,31,2,.9914134999999999,16.92319,4,1,.5936753,.2206652,.141066,.0017449,.0081308,.000018,.0005576,.0200032,.0364627,.0005217,371,.0066737,107.9311,0,55.76442,32.98497,7.195409,1.798852
JUNIN,HUANCAYO,1201,545615,595183,172,293370,929.7,74880,.13723963,65304.188,.11968914,174193.71,.31926123,58305,.10686107,140056,.41418094,87291,.15998644,.23617603,64947,.01681359,1442,3576,387,212,4608,20.32,1814,4514,876.8,10192,2186,153.34448,143,26.208957,1077,42,500,71,.9914134999999999,16.92319,4,5,.5376868,.2566938,.1190345,.0026429,.0065541,.0007093,.0003886,.0084455,.0186798,.0040065,6328,.0115979,197.3919,7.697735582782732,91.63970999999999,32.98497,.7331177,.9163971
JUNIN,JAUJA,1204,83257,88405,136,48214,751.3099999999999,17533,.2105889,14681.392,.17633823,27852.882,.33454102,10844,.13024731,18694,.23187003,5783,.06945963,.5674332399999999,10821,.15972623,86,1552,22,39,471,20.32,64,512,755.7,5638,64,22.207196,6,7.2066012,166,6,83,4,.9914134999999999,16.92319,4,1,.5790985,.2245337,.1299711,.0010329,.0186411,.0002642,.0004684,.0056572,.067718,.0007687,576,.0069183,199.3826,7.206601246742016,99.69131,32.98497,4.804401,1.2011
JUNIN,JUNIN,1205,23133,22757,94,14194,559.08,5989,.25889422,3981.5896,.1721173,7619.5586,.32938048,1439,.06220551,5507,.51463567,5361,.23174686,.33974012,3812,.19373136,118,867,4,31,891,20.32,30,200,82.38,1155,81,9.801827899999999,2,8.645657699999999,66,1,25,0,.9914134999999999,16.92319,4,1,.6135823,.2380582,.1647862,.0051009,.0374789,.0001729,.0013401,.0385164,.0499287,.0035015,230,.0099425,285.3067,4.322828859205464,108.0707,32.98497,17.29132,4.322829
JUNIN,SATIPO,1206,203985,239105,83,112894,469.34,46942,.23012476,12980.804,.06363607,96342.242,.47230062,13546,.06640684,30819,.53422618,62406,.30593426,.64223153,37376,0,107,2141,29,207,1415,20.32,289,736,107.4,7071,96,10.613451,14,6.8632497,129,3,100,0,.9914134999999999,16.92319,4,3,.5534427,.1510846,.1832292,.0005245,.0104959,.0001422,.0010148,.0069368,.0346643,.0004706,1025,.0050249,63.23994,1.470696374733436,49.02321,32.98497,1.960928,1.470696
JUNIN,TARMA,1207,89590,91849,141,47409,676.78,23538,.26273022,14669.206,.16373709,29181.582,.32572365,10637,.11872977,18773,.26899894,8648,.09652863,.45024019,12245,.05670568,199,1819,42,83,1049,20.32,208,635,55.97,4921,350,32.588136,2,2.232392,138,5,52,8,.9914134999999999,16.92319,4,2,.5291774,.2095435,.1366782,.0022212,.0203036,.0004688,.0009264,.0117089,.054928,.0039067,843,.0094095,154.035,5.580980020091528,58.04219,32.98497,4.464784,2.232392
JUNIN,YAULI,1208,40390,40041,173,20707,1211.37,4928,.1220104,4150.938,.10277143,11509.287,.28495388,3927,.09722704,8257,.2213415,4460,.11042337,.14073495,4929,.01810874,18,345,0,9,229,20.32,12,46,65.03,1951,20,11.165632,0,0,99,3,17,0,.9914134999999999,16.92319,4,0,.5126764,.2044318,.1220352,.0004457,.0085417,0,.0002228,.0056697,.048304,.0004952,58,.001436,245.1102,7.427581084426839,42.08963,32.98497,9.903441000000001,0
LA LIBERTAD,ASCOPE,1302,115786,123480,143,66423,995.3099999999999,21538,.18601558,18449.358,.15934015,35630.872,.3077304,12798,.1105315,26040,.01682052,691,.00596791,.28488391,14305,.5939331,263,1974,27,347,167,13.89,38,421,508.4,3721,336,43.59823,28,24.182544,206,1,49,1,.78633663,37.14331,3,3,.5736704,.2248977,.1235469,.0022714,.0170487,.0002332,.0029969,.0014423,.0321369,.0029019,459,.0039642,177.9144,.8636622735045688,42.31945,12.3590043,2.590987,2.590987
LA LIBERTAD,BOLIVAR,1303,14457,15982,14,9717,289.35,5303,.36681193,1827.3723,.12640052,6758.2215,.46747053,1110,.07677941,2247,.02952625,295,.02040534,.86010901,1857,.00259263,71,140,4,30,150,13.89,5,20,0,573,13,8.410807200000001,0,0,10,0,12,0,.78633663,37.14331,3,1,.6721311,.1554264,.1284499,.0049111,.0096839,.0002767,.0020751,.0103756,.0396348,.0008992,25,.0017293,69.17064999999999,0,83.00478,12.3590043,20.75119,6.917064
LA LIBERTAD,CHEPEN,1304,78418,86411,124,45034,925.02,18748,.23907776,11154.243,.14224085,25319.067,.32287316,8878,.1132138,16901,.01879785,407,.00519013,.28357517,10806,.21612721,425,1649,56,105,57,13.89,97,849,139.78,3578,621,68.64140500000001,5,6.3760871,130,0,66,0,.78633663,37.14331,3,1,.5742814000000001,.2155245,.1378,.0054197,.0210283,.0007141,.001339,.0007269,.0456273,.0079191,946,.0120636,165.7783,0,84.16435,12.3590043,3.825652,1.275217
LA LIBERTAD,GRAN CHIMU,1311,26892,28290,46,16255,540.15,10527,.39145471,4069.6551,.1513333,9721.2562,.3614925,1740,.06470326,4129,.01496247,165,.00613565,.73395911,3241,.00126751,130,875,18,124,75,13.89,21,95,0,2577,53,20.931373,0,0,33,0,24,0,.78633663,37.14331,3,1,.6044549,.1535401,.1205191,.0048342,.0325376,.0006693,.004611,.0027889,.0958278,.0019708,116,.0043136,122.7131,0,89.24587,12.3590043,11.15573,3.718578
LA LIBERTAD,JULCAN,1305,28024,30987,19,19125,167.8,12438,.44383386,3927.0674,.14013229,12329.181,.43995079,1868,.06665715,4439,.00416371,86,.0030688,.92190669,4554,0,317,476,4,57,424,13.89,17,74,12.08,2095,50,25.444211,0,0,38,0,25,0,.78633663,37.14331,3,1,.6824508,.1583999,.1625036,.0113117,.0169854,.0001427,.002034,.0151299,.0747574,.0017842,91,.0032472,135.5981,0,89.20925,12.3590043,10.70511,3.56837
LA LIBERTAD,OTUZCO,1306,77862,85091,34,49300,271.49,34897,.44819039,11099.221,.14254991,31062.28,.39894017,4280,.05496905,12762,.02834843,698,.00896458,.8241925,9586,.01835729,422,1741,30,104,307,13.89,63,303,48.53,4208,254,36.88796,4,5.1372942,111,0,65,0,.78633663,37.14331,3,1,.6331715,.1639054,.1231153,.0054198,.0223601,.0003853,.0013357,.0039429,.0540443,.0032622,366,.0047006,142.5599,0,83.48103,12.3590043,3.852971,1.284324
LA LIBERTAD,PACASMAYO,1307,102897,112970,133,59137,932.18,21744,.21131811,15115.547,.14689979,33168.484,.32234646,9808,.09531862,22115,.01690961,444,.00431499,.23541895,12700,0,223,2608,31,209,325,13.89,76,1032,238.86,5641,168,91.328428,3,2.9155369,126,0,72,0,.78633663,37.14331,3,3,.5747203,.2149237,.1234244,.0021672,.0253457,.0003013,.0020312,.0031585,.0548218,.0016327,1108,.010768,122.4526,0,69.97289000000001,12.3590043,2.915537,2.915537
LA LIBERTAD,PATAZ,1308,76103,85092,29,47963,552.26,24887,.32701733,7452.5914,.0979277,32807.201,.43108946,5874,.07718487,12207,.05162121,1603,.02106356,.77809929,7703,.00047608,392,510,15,117,61,13.89,43,79,211.21,2610,168,18.006152,5,6.5700432,53,0,39,0,.78633663,37.14331,3,2,.630238,.160401,.1012181,.0051509,.0067014,.0001971,.0015374,.0008015,.0342956,.0022075,122,.0016031,69.64246,0,51.24634,12.3590043,3.942026,2.628017
LA LIBERTAD,SANCHEZ CARRION,1309,144405,168670,24,95523,305.03,55113,.38165576,13875.459,.09608711,68783.113,.47632086,8083,.05597452,27189,.02520366,648,.00448738,.77178754,21926,0,448,2009,7,102,132,13.89,70,157,8.818,4038,76,58.086448,14,9.694955200000001,86,0,57,0,.78633663,37.14331,3,0,.6614937,.188283,.1518368,.0031024,.0139123,.0000485,.0007063,.0009141,.027963,.0005263,227,.001572,59.55473,0,39.47232,12.3590043,2.07749,0
LA LIBERTAD,SANTIAGO DE CHUCO,1310,50896,55868,38,36237,404.56,18557,.36460626,6692.0971,.13148572,21740.934,.42716389,3756,.07379755,8529,.05542265,722,.01418579,.8381113,7574,.00156081,104,1071,23,59,183,13.89,26,189,9.5,3022,91,19.141318,5,9.8239547,59,0,35,0,.78633663,37.14331,3,4,.7119813,.167577,.1488133,.0020434,.0210429,.0004519,.0011592,.0035956,.059376,.001788,215,.0042243,115.9227,0,68.76768,12.3590043,5.894373,7.859164
LA LIBERTAD,TRUJILLO,1301,970016,1118724,165,500337,1164.18,140124,.14445535,120221.17,.1239373,306657.58,.31613662,92366,.09522111,242300,.0369202,7938,.00818337,.19578851,113664,.20702487,3755,14884,443,1705,1039,13.89,670,3734,599.8,25708,4261,548.4499499999999,286,29.48405,1945,85,1159,101,.78633663,37.14331,3,14,.5158029,.2497897,.1171774,.0038711,.0153441,.0004567,.0017577,.0010711,.0265027,.0043927,4404,.0045401,200.5122,8.762742057862964,119.4826,12.3590043,.3092732,1.443275
LA LIBERTAD,VIRU,1312,92324,105206,98,47617,906.62,24820,.26883584,7128.3776,.07721045,35080.563,.3799723,6530,.07072917,18670,.03316813,836,.00905507,.53653072,13322,.02183591,364,1559,37,175,139,13.89,76,300,38.806,4802,378,2.874459,31,33.577401,47,0,47,1,.78633663,37.14331,3,1,.5157597,.2022226,.1442962,.0039426,.0168862,.0004008,.0018955,.0015056,.0520125,.0040943,376,.0040726,50.90767,0,50.90767,12.3590043,3.249426,1.083142
LAMBAYEQUE,CHICLAYO,1401,799675,862709,177,435941,846.61,124257,.15538437,106506.12,.13318676,245457.78,.30694692,85292,.10665833,192143,.03042627,6713,.00839466,.20386269,102816,.62141917,5349,10195,900,1371,895,14.04,20341,12149,1410.6,25253,7456,243.20498,88,11.004471,1715,88,713,34,.63257275,26.0183,3,1,.5451477,.2402764,.1285722,.006689,.0127489,.0011255,.0017144,.0011192,.0315791,.0093238,32490,.040629,214.4621,11.00447056616751,89.16122,4.251727,.3751524,.1250508
LAMBAYEQUE,FERREÃ‘AFE,1402,97415,107241,118,60777,559.53,23936,.24571165,12646.452,.12982038,38516.261,.39538327,10130,.10398809,19882,.22464994,20285,.20823282,.54848398,13996,.15483135,882,2156,73,240,169,14.04,130,566,289,7361,885,61.709743,3,3.0796079,80,0,74,0,.63257275,26.0183,3,1,.6238977,.2040959,.143674,.009054,.0221321,.0007494,.0024637,.0017348,.0755633,.0090848,696,.0071447,82.12287999999999,0,75.96366,4.251727,3.079608,1.026536
LAMBAYEQUE,LAMBAYEQUE,1403,300170,340835,130,178116,693.08,74345,.24767632,34365.939,.11448825,117228.17,.39053926,22744,.0757704,52604,.04290975,3041,.01013093,.47763434,46031,.2421026,3485,4883,134,496,356,14.04,593,2818,256.99,13309,2711,32.053589,9,2.998301,222,0,189,0,.63257275,26.0183,3,1,.5933837,.1752474,.1533498,.0116101,.0162674,.0004464,.0016524,.001186,.0443382,.0090315,3411,.0113636,73.95809,0,62.96432,4.251727,.9994336,.3331445
LIMA,BARRANCA,1502,144381,151095,176,77969,1150.06,26688,.18484427,21223.083,.1469936,47573.7,.32950111,16130,.1117183,32795,.18348551,15001,.10389871,.2202434,18833,.37275992,1283,3833,555,664,806,21.59,214,2227,661.77,7804,1546,106.48587,22,15.237462,199,6,212,1,.94740651,622.8729,39,3,.5400226,.2271421,.1304396,.0088862,.0265478,.003844,.0045989,.0055825,.0540514,.0107078,2441,.0169067,137.8298,4.155671452614956,146.8337,24.6220949,27.01186,2.077836
LIMA,CAJATAMBO,1503,6559,6332,105,4099,473.2,2150,.32779387,1548.0698,.23602223,2358.2717,.35954745,969,.14773594,1171,.40899719,1489,.22701631,.83881427,1017,0,103,46,4,47,146,21.59,9,13,0,444,38,4.3287729,0,0,3,0,7,0,.94740651,622.8729,39,0,.6249428,.1785333,.1550541,.0157036,.0070133,.0006098,.0071657,.0222595,.0676932,.0057936,22,.0033542,45.73868,0,106.7236,24.6220949,594.6028,0
LIMA,CANTA,1504,11548,11593,168,5788,1039.11,3009,.2605646,2381.7366,.20624667,3486.8421,.30194338,1206,.10443367,1893,.1294294,1164,.10079667,.47571802,1773,.01565959,19,259,0,51,1076,21.59,2,8,580.2,1311,50,6.844111,1,8.6595081,12,0,15,0,.94740651,622.8729,39,1,.5012124,.1639245,.1535331,.0016453,.0224281,0,.0044163,.0931763,.1135262,.0043298,10,.000866,103.9141,0,129.8926,24.6220949,337.7208,8.659508000000001
LIMA,CAÃ‘ETE,1505,240013,250420,167,120611,1323.86,3226,.01344094,28417.506,.11839986,81242.73,.33849304,25192,.10496098,53038,.15007438,16580,.06907959,.22911967,32938,.43988917,805,3696,174,1061,1019,21.59,431,1920,1106.9,10388,1205,52.437101,32,13.332611,270,19,233,6,.94740651,622.8729,39,11,.5025186,.2209797,.1372342,.003354,.0153992,.000725,.0044206,.0042456,.043281,.0050206,2351,.0097953,112.4939,7.916237870448684,97.07807,24.6220949,16.24912,4.583085
LIMA,HUARAL,1506,183898,194375,175,97169,1196.27,35017,.19041534,24693.291,.1342771,58213.919,.31655548,19599,.10657538,38955,.20505719,23036,.12526509,.19860864,24919,.01335975,1352,5336,560,1105,1271,21.59,247,2842,578.4,14536,3718,50.304456,31,16.857171,212,14,275,9,.94740651,622.8729,39,2,.5283852999999999,.2118294,.1355045,.0073519,.0290161,.0030452,.0060088,.0069114,.0790438,.0202177,3089,.0167974,115.2813,7.612915855528608,149.5394,24.6220949,21.20741,1.087559
LIMA,HUAROCHIRI,1507,58145,62381,159,29216,940.3200000000001,11932,.20521111,9638.602800000001,.16576839,19526.549,.33582508,6739,.11589991,12645,.15948826,5188,.08922521,.37004996,8274,.07664123,464,1741,36,457,1519,21.59,56,442,1127,6528,428,10.276781,6,10.31903,36,0,95,0,.94740651,622.8729,39,4,.502468,.2174736,.1422994,.00798,.0299424,.0006191,.0078597,.0261243,.112271,.0073609,498,.0085648,61.91418,0,163.3846,24.6220949,67.07369,6.879354
LIMA,HUAURA,1508,227685,240717,1699,117400,1222.44,35504,.15593473,31828.78,.13979305,72010.18799999999,.31627111,25728,.11299822,52294,.16956556,17816,.07824846,.23609309,30117,.08193208,1020,3454,409,633,891,21.59,264,2208,1031.4,13734,1570,46.537367,23,10.101676,328,24,250,15,.94740651,622.8729,39,1,.5156246,.229677,.1322749,.0044799,.0151701,.0017963,.0027802,.0039133,.0603202,.0068955,2472,.0108571,144.0587,10.54087884577377,109.8008,24.6220949,17.12893,.4392033
LIMA,LIMA,1501,8574974,9674755,170,4160922,1530.53,765570,.08927957,1114796.1,.13000577,2433313.2,.28376917,932153,.10870622,1914741,.17186203,739306,.0862167,.06004367,1085258,.65715281,58996,103167,18170,35191,26480,21.59,43606,115868,8237,183301,69585,3208.8606,1153,13.446105,17934,310,12674,853,.94740651,622.8729,39,29,.4852402,.2232941,.1265611,.00688,.0120312,.002119,.0041039,.0030881,.0213763,.0081149,159474,.0185976,209.1435,3.6151713113066,147.8022,24.6220949,.4548119,.3381934
LIMA,OYON,1509,17739,17137,138,9640,990.9,3785,.21337167,2291.3843,.12917212,5904.9641,.33288033,1767,.09961103,3153,.34469639,2589,.1459496,.52929688,2432,0,127,196,6,42,354,21.59,9,51,144.59,1429,60,9.405371000000001,0,0,15,0,12,0,.94740651,622.8729,39,0,.5434354,.177744,.137099,.0071594,.0110491,.0003382,.0023677,.019956,.080557,.0033824,60,.0033824,84.55945,0,67.64755,24.6220949,219.8546,0
LIMA,YAUYOS,1510,20463,19665,127,10048,555.1900000000001,5429,.26530812,4707.5735,.23005295,6092.7932,.29774682,2557,.12495724,3441,.22213779,2360,.11533011,.76313049,3137,.0257751,150,276,10,70,340,21.59,13,51,250.08,1407,21,2.9647928,0,0,30,0,23,0,.94740651,622.8729,39,1,.4910326,.1681572,.1533011,.0073303,.0134878,.0004887,.0034208,.0166154,.0687582,.0010262,64,.0031276,146.6061,0,112.398,24.6220949,190.5879,4.886869
LORETO,ALTO AMAZONAS,1602,122725,149892,82,75150,662.38,32332,.2634508,10290.479,.0838499,61029.825,.49728927,9280,.07561622,20491,.17124002,12759,.10396415,.4734151,20456,0,716,1947,58,175,387,21.23,210,929,538.2,2717,801,6.5403383,14,11.407619,168,7,87,4,.95458241,27.22602,2,3,.6123447,.1669668,.1666816,.0058342,.0158647,.0004726,.001426,.0031534,.0221389,.0065268,1139,.0092809,136.8914,5.703809329802404,70.89021,4.509669000000001,1.62966,2.44449
LORETO,DATEM DEL MARAÃ‘ON,1607,48482,59870,44,26699,417.49,12197,.25157791,2191.7766,.04520805,29808.719,.61484094,2738,.05647457,7556,.49715881,13815,.28495112,.43570648,8293,0,365,460,5,216,138,21.23,41,130,72.02,692,211,1.0399422,0,0,29,0,22,0,.95458241,27.22602,2,3,.5506992000000001,.1558517,.1710532,.0075286,.0094881,.0001031,.0044553,.0028464,.0142733,.0043521,171,.0035271,59.81601,0,45.37767,4.509669000000001,4.125242,6.187863
LORETO,LORETO,1603,62437,71904,47,41618,498.82,16330,.26154364,4875.1748,.0780815,33794.05,.54125038,3976,.06368019,9103,.28977843,2839,.04546983,.21952479,10838,0,1566,454,14,141,168,21.23,44,144,255.1,831,489,.92589627,2,3.2032289,53,0,21,0,.95458241,27.22602,2,1,.6665599,.145795,.173583,.0250813,.0072713,.0002242,.0022583,.0026907,.0133094,.0078319,188,.003011,84.88557,0,33.6339,4.509669000000001,3.203229,1.601614
LORETO,MARISCAL RAMON CASTILLA,1604,49072,59232,49,29743,510.27,13706,.27930388,3836.5291,.07818163,27869.608,.567933,2872,.05852625,6197,.16759328,6260,.12756766,.08514335,8185,0,520,300,9,64,87,21.23,15,68,141.14,832,159,1.3116296,3,6.1134659,48,0,19,0,.95458241,27.22602,2,2,.6061094,.1262838,.1667957,.0105967,.0061135,.0001834,.0013042,.0017729,.0169547,.0032401,83,.0016914,97.81545,0,38.71862,4.509669000000001,4.075644,4.075644
LORETO,MAYNAS,1601,479866,550551,144,277941,983.61,76725,.15988839,53458.97,.11140395,200859.91,.41857501,40774,.08496955,104762,.04321891,30918,.06443049,.17973224,69831,.29395909,6177,7919,410,838,761,21.23,1830,3855,1163.1,13331,5422,4.0035875,72,15.004189,700,49,373,6,.95458241,27.22602,2,9,.5792055,.2183151,.1455219,.0128723,.0165025,.0008544,.0017463,.0015859,.0277807,.011299,5685,.0118471,145.8741,10.21118395552092,77.73003,4.509669000000001,.416783,1.875524
LORETO,PUTUMAYO,1608,7780,9174,51,4485,679.4400000000001,2129,.27365039,591.10813,.07597791,4071.913,.52338213,450,.05784062,1014,.43758493,1837,.23611825,.07361602,1267,0,72,133,4,73,69,21.23,1,29,372.4,191,46,.16939598,0,0,10,0,9,0,.95458241,27.22602,2,1,.5764781,.1303342,.1628535,.0092545,.0170951,.0005141,.009383,.0088689,.0245501,.0059126,30,.003856,128.5347,0,115.6812,4.509669000000001,25.70694,12.85347
LORETO,REQUENA,1605,58511,64459,31,36883,478.86,14308,.24453522,5350.2762,.09144052,31062.944,.53089067,4446,.07598571,9059,.04701164,2794,.0477517,.28152856,9610,0,569,568,8,90,180,21.23,15,84,502.2,319,249,1.1825708,2,3.4181607,46,0,17,0,.95458241,27.22602,2,0,.6303601,.1548256,.1642426,.0097247,.0097076,.0001367,.0015382,.0030763,.005452,.0042556,99,.001692,78.6177,0,29.05437,4.509669000000001,3.418161,0
LORETO,UCAYALI,1606,54637,62477,56,34356,568.41,13063,.23908707,4727.0852,.08651802,29549.749,.5408377,4110,.07522375,8847,.11443729,6445,.11796036,.21554031,8914,0,681,609,10,138,139,21.23,36,146,91.84,556,409,1.8651597,1,1.8302615,58,5,19,0,.95458241,27.22602,2,1,.6288047,.1619232,.1631495,.0124641,.0111463,.000183,.0025258,.0025441,.0101763,.0074858,182,.0033311,106.1552,9.151307721873456,34.77497,4.509669000000001,3.660523,1.830262
MADRE DE DIOS,MANU,1702,18549,21118,188,8901,1248.51,3746,.20195159,979.00238,.05277925,7562.893,.4077251,1511,.08145992,2741,.68566813,8006,.43161356,.23670794,3192,.00114337,122,340,3,25,134,27.92,13,99,189.5,1216,135,.66639123,0,0,5,0,19,0,.8381280800000001,52.43682,0,2,.4798642,.1477708,.1720847,.0065772,.0183298,.0001617,.0013478,.0072241,.0655561,.007278,112,.0060381,26.95563,0,102.4314,17.04433,0,10.78225
MADRE DE DIOS,TAHUAMANU,1703,11047,12479,190,5491,1404.24,2008,.18176881,909.06485,.08229065,4108.4806,.37190917,844,.07640083,1523,.16789306,1537,.1391328,.20920081,1727,0,411,2005,3,122,774,27.92,55,79,535.5,6869,704,.5211586499999999,0,0,22,0,12,0,.8381280800000001,52.43682,0,2,.497058,.1378655,.156332,.0372047,.1814972,.0002716,.0110437,.0700643,.6217978,.0637277,134,.01213,199.1491,0,108.6268,17.04433,0,18.10446
MADRE DE DIOS,TAMBOPATA,1701,111474,140214,191,54710,1248.05,15955,.14312755,7327.6481,.06573415,44996.543,.40365057,9529,.08548182,23012,.37244225,20721,.18588191,.14651742,17423,.00468432,98,56,17,33,515,27.92,16,479,1567.7,1153,140,3.0736186,38,34.088666,192,28,141,19,.8381280800000001,52.43682,0,7,.4907871,.2064338,.1562965,.0008791,.0005024,.0001525,.000296,.0046199,.0103432,.0012559,495,.0044405,172.2375,25.11796472720096,126.4869,17.04433,0,6.279491
MOQUEGUA,GENERAL SANCHEZ CERRO,1802,14865,14503,152,8662,756.5599999999999,4657,.31328624,3775.0604,.2539563,3810.2108,.25632094,2170,.14598049,2632,.61470037,5859,.39414733,.69668704,2232,.00879723,69,650,1,56,127,16.27,16,44,226.5,2439,37,2.6161563,0,0,38,0,29,0,.98266034,26.70186,2,0,.582711,.1770602,.1501514,.0046418,.0437269,.0000673,.0037672,.0085436,.1640767,.0024891,60,.0040363,255.634,0,195.0891,25.77652,13.45442,0
MOQUEGUA,ILO,1803,74649,82686,189,38705,1361.67,7302,.09781779,9310.227199999999,.12472005,22430.379,.30047796,8670,.11614355,18295,.25792882,11783,.15784538,.12934363,9923,0,20,1734,15,261,348,16.27,54,566,73.98,3917,49,142.61233,7,9.3772187,147,6,85,0,.98266034,26.70186,2,4,.5184932,.2450803,.1329288,.0002679,.0232287,.0002009,.0034964,.0046618,.0524722,.0006564,620,.0083055,196.9216,8.037616043081622,113.8662,25.77652,2.679205,5.358411
MOQUEGUA,MARISCAL NIETO,1801,85349,95551,185,42730,1424.67,11542,.13523298,10865.137,.12730245,24178.577,.28329069,9170,.10744121,20907,.41457069,18873,.22112737,.32098226,10806,.28833163,179,1730,53,138,495,16.27,109,739,96.39,5968,185,9.841905000000001,22,25.776518,272,26,118,22,.98266034,26.70186,2,1,.5006503,.2449589,.1266096,.0020973,.0202697,.000621,.0016169,.0057997,.0699247,.0021676,848,.0099357,318.6915,30.46315715474112,138.2559,25.77652,2.34332,1.17166
PASCO,DANIEL ALCIDES CARRION,1902,43580,46179,2,31363,301.79,10461,.2400413,6041.1076,.1386211,11686.467,.26816125,4770,.10945388,7049,.6986845,10700,.24552547,.7961269,7194,.16534629,133,939,3,23,690,22.13,23,84,125.04,2275,44,23.092045,0,0,84,0,24,0,.98628136,23.28921,1,0,.719665,.1617485,.1650757,.0030519,.0215466,.0000688,.0005278,.015833,.0522028,.0010096,107,.0024553,192.749,0,55.07113,16.25818,2.294631,0
PASCO,OXAPAMPA,1903,87470,100561,90,45379,638.17,23042,.26342746,8966.891100000001,.1025139,36572.258,.41811202,7522,.0859952,14675,.35374414,17372,.19860524,.24432479,14163,0,911,2316,27,238,334,22.13,121,655,130.25,6463,690,4.9231722,6,6.8594947,244,8,83,0,.98628136,23.28921,1,2,.518795,.1677718,.1619184,.010415,.0264776,.0003087,.0027209,.0038185,.0738882,.0078884,776,.0088716,278.9528,9.145992911855492,94.88968,16.25818,1.143249,2.286498
PASCO,PASCO,1901,123015,125164,110,70901,761,17451,.14186075,11484.755,.09336061,43113.839,.35047628,12165,.09889038,27520,.40574285,17112,.13910499,.22567084,16611,.04123868,513,754,28,102,956,22.13,122,538,193.49,4462,224,25.851254,4,3.251636,332,13,92,20,.98628136,23.28921,1,1,.5763606,.2237125,.1350323,.0041702,.0061293,.0002276,.0008292,.0077714,.036272,.0018209,660,.0053652,269.8858,10.56781693289436,74.78762999999999,16.25818,.812909,.812909
PIURA,AYABACA,2002,119287,127737,8,84985,234.2,46407,.38903653,16254.57,.13626439,54222.401,.45455415,8314,.06969745,17608,.01691858,1063,.00891128,.87088832,15655,0,1243,2304,40,131,188,11.13,133,285,20.926,5123,561,22.805257,7,5.8682002,114,0,71,0,.53330471,30.24745,1,5,.7124414,.1476104,.1312381,.0104202,.0193148,.0003353,.0010982,.001576,.0429468,.0047029,418,.0035042,95.56783,0,59.52032,8.893815,.8383143,4.191572
PIURA,HUANCABAMBA,2003,111501,118533,23,74677,250.02,43106,.38659743,15576.051,.13969427,47074.457,.42218865,8815,.07905759,20443,.09240572,1214,.01088779,.86453037,17679,.01309641,1334,1816,28,121,318,11.13,104,351,52.8,4055,650,26.209998,5,4.4842647,51,0,73,0,.53330471,30.24745,1,4,.6697429,.1833436,.1585546,.011964,.0162868,.0002511,.0010852,.002852,.0363674,.0058295,455,.0040807,45.7395,0,65.47027,8.893815,.896853,3.587412
PIURA,MORROPON,2004,162027,173193,84,103108,608.88,53359,.32932166,24378.028,.15045658,57346.327,.35393069,16613,.10253229,27680,.01099681,1328,.00819616,.6624466,24308,0,1474,3233,67,345,275,11.13,174,1451,274,6416,1390,42.437664,23,14.195165,128,0,141,0,.53330471,30.24745,1,7,.6363631,.1708357,.1500244,.0090972,.0199535,.0004135,.0021293,.0016972,.0395983,.0085788,1625,.0100292,78.99918,0,87.02253,8.893815,.6171811,4.320268
PIURA,PAITA,2005,129892,148289,142,77311,888,28231,.2173421,12339.151,.09499546,50009.61,.38500916,11483,.08840421,26333,.01867447,557,.00428818,.40163008,20800,.3377933,761,2307,170,138,117,11.13,143,722,84.95999999999999,6329,924,72.768627,2,1.5397407,194,0,133,0,.53330471,30.24745,1,1,.5951945,.20273,.160133,.0058587,.0177609,.0013088,.0010624,.0009007,.0487251,.0071136,865,.0066594,149.3548,0,102.3928,8.893815,.7698703,.7698703
PIURA,PIURA,2001,799321,894847,140,450756,904.9400000000001,142732,.17856656,84853.83500000001,.10615739,279469.9,.34963413,69221,.08659975,165427,.02219684,20214,.02528896,.4856801,116360,.26364002,5448,12350,217,988,913,11.13,454,2291,246.2,24963,5048,128.6911,74,9.257857599999999,1183,58,443,60,.53330471,30.24745,1,6,.5639237,.2069594,.1455736,.0068158,.0154506,.0002715,.001236,.0011422,.0312303,.0063154,2745,.0034342,148.0006,7.256158664666636,55.42204,8.893815,.1251062,.7506370999999999
PIURA,SECHURA,2008,79177,89597,119,45881,707.97,18405,.23245387,6050.5085,.0764175,33827.57,.42723985,6325,.07988431,14303,.02882239,365,.00460992,.40132343,13110,.00575095,565,1166,43,190,90,11.13,27,186,83.06999999999999,3721,542,12.429026,3,3.7889791,52,0,23,0,.53330471,30.24745,1,0,.5794739,.1806459,.1655784,.0071359,.0147265,.0005431,.0023997,.0011367,.046996,.0068454,213,.0026902,65.67564,0,29.04884,8.893815,1.262993,0
PIURA,SULLANA,2006,311454,341490,147,183397,799.2,62760,.20150648,36283.187,.11649614,106993.92,.34353042,30448,.09776083,64333,.01526193,1777,.0057055,.38064139,48781,.26036718,2597,6599,340,291,433,11.13,1048,3370,155.52,13022,3206,57.425589,28,8.9900916,343,24,277,0,.53330471,30.24745,1,6,.5888414,.206557,.1566235,.0083383,.0211877,.0010917,.0009343,.0013903,.0418103,.0102937,4418,.0141851,110.1286,7.705792829759772,88.93769,8.893815,.3210747,1.926448
PIURA,TALARA,2007,144150,154268,160,81201,970.68,20266,.14058966,17523.5,.12156434,47395.926,.32879588,13640,.09462366,32003,.02498814,1004,.00696497,.16883046,20139,.48109414,835,1830,37,313,434,11.13,69,367,353.21,9207,900,51.491522,6,4.1623309,163,16,32,2,.53330471,30.24745,1,0,.5633091,.2220118,.1397086,.0057926,.0126951,.0002567,.0021713,.0030108,.063871,.0062435,436,.0030246,113.0767,11.09954908081859,22.1991,8.893815,.6937218000000001,0
PUNO,AZANGARO,2102,110392,112149,61,81594,278.77,34690,.31424379,17355.366,.1572158,39190.41,.35501132,14941,.13534495,23593,.95454237,88097,.7980379,.83789152,17502,.2031509,365,280,12,31,1550,14.29,31,268,45.898,4395,96,22.211625,3,2.7175882,106,0,75,0,.92367496,24.90377,1,1,.7391297,.2137202,.1585441,.0033064,.0025364,.0001087,.0002808,.0140409,.0398127,.0008696,299,.0027085,96.02145,0,67.9397,16.389773,.9058627,.9058627
PUNO,CARABAYA,2103,73322,78873,22,49667,360.79,22842,.31152996,6335.7554,.08641002,27099.349,.3695937,6082,.08294918,15276,.9423694500000001,59371,.8097296899999999,.81945493,11530,.08244455,296,140,12,44,934,14.29,72,164,17.8,2154,131,5.9774669,3,4.0915414,81,6,61,3,.92367496,24.90377,1,3,.6773819,.2083413,.1572516,.004037,.0019094,.0001637,.0006001,.0127383,.0293773,.0017866,236,.0032187,110.4716,8.183082840075285,83.19468000000001,16.389773,1.363847,4.091541
PUNO,CHUCUITO,2104,89002,88112,26,64336,273.88,26542,.29821802,15556.252,.17478542,26344.237,.29599601,10917,.12266016,18066,.96059831,71886,.80768971,.80121303,14855,.08173371,411,90,18,51,140,14.29,39,143,0,2535,253,22.372823,0,0,76,0,58,0,.92367496,24.90377,1,1,.7228602,.2029842,.1669064,.0046179,.0010112,.0002022,.000573,.001573,.0284825,.0028426,182,.0020449,85.39134,0,65.16708,16.389773,1.12357,1.12357
PUNO,EL COLLAO,2105,63878,66287,65,46820,331.37,21263,.33286891,12265.74,.19201823,18281.099,.28618772,10235,.16022731,12097,.9368458,51059,.7993205799999999,.73851494,10399,.15036589,55,636,1,95,673,14.29,34,158,1.694,4057,62,11.405747,6,9.3929052,79,0,56,0,.92367496,24.90377,1,1,.7329597,.1893766,.1627947,.000861,.0099565,.0000157,.0014872,.0105357,.0635117,.0009706,192,.0030057,123.6733,0,87.66710999999999,16.389773,1.565484,1.565484
PUNO,HUANCANE,2106,57651,58957,54,41490,259.94,21529,.37343671,13516.585,.23445534,16518.895,.28653267,9683,.16795893,10013,.96850394,47168,.81816447,.8290490700000001,9431,.00191821,124,163,3,52,1083,14.29,37,213,8.843999999999999,2660,55,20.546715,2,3.4691506,58,0,35,0,.92367496,24.90377,1,4,.7196753,.173683,.1635878,.0021509,.0028274,.000052,.000902,.0187855,.0461397,.000954,250,.0043364,100.6054,0,60.71014,16.389773,1.734575,6.938301
PUNO,LAMPA,2107,40856,42549,32,26796,489.2,12319,.30152242,6308.7838,.15441511,13045.024,.31929275,5541,.13562267,10410,.94752868,30556,.74789505,.77660758,6178,.03272743,118,101,4,15,497,14.29,20,86,9.507,3022,52,6.8184246,1,2.4476209,58,0,38,0,.92367496,24.90377,1,5,.6558645,.2547973,.151214,.0028882,.0024721,.0000979,.0003671,.0121647,.0739671,.0012728,106,.0025945,141.962,0,93.00960000000001,16.389773,2.447621,12.2381
PUNO,MELGAR,2108,67138,69693,59,45377,506.2,18229,.27151539,9136.950000000001,.13609208,23242.792,.34619429,9747,.14517859,14477,.90597848,49141,.7319401800000001,.72547704,8575,.04046693,380,207,7,28,2241,14.29,87,243,20.79,1771,109,10.414078,3,4.4684084,97,2,60,0,.92367496,24.90377,1,7,.6758766,.2156305,.127722,.00566,.0030832,.0001043,.0004171,.033379,.0263785,.0016235,330,.0049152,144.4785,2.978938901963121,89.36816,16.389773,1.489469,10.42629
PUNO,MOHO,2109,19753,19190,30,13465,196.96,8534,.43203564,5786.7949,.29295778,5272.6028,.26692668,3704,.18751582,4100,.96491943,17754,.8988001799999999,.88383046,2916,.03207206,19,48,0,8,712,14.29,13,45,10.07,1129,9,19.649838,4,20.250089,11,0,10,0,.92367496,24.90377,1,2,.6816686,.2075634,.1476232,.0009619,.00243,0,.000405,.0360452,.0571559,.0004556,58,.0029363,55.68774,0,50.62522,16.389773,5.062522,10.12504
PUNO,PUNO,2101,219494,120,54,136232,836.61,41894,.19086627,33042.136,.15053776,65318.691,.29758759,30234,.13774408,50023,.85402394,124425,.56687199,.5122910899999999,28368,.61185827,799,1660,56,267,2133,14.29,282,1183,31.652,13324,406,33.795552,35,15.945766,428,19,221,12,.92367496,24.90377,1,1,.6206639,.2279014,.1292427,.0036402,.0075628,.0002551,.0012164,.0097178,.0607033,.0018497,1465,.0066744,194.9939,8.656273064411783,100.6861,16.389773,.4555933,.4555933
PUNO,SAN ANTONIO DE PUTINA,2110,36113,34734,74,22844,952.27,9920,.27469332,3279.1961,.09080376,9931.8876,.2750225,4404,.12195054,5997,.87398345,27374,.75800958,.66747868,4942,.01256674,27,32,3,6,813,14.29,7,59,0,1196,13,11.259346,1,2.7690859,23,0,11,0,.92367496,24.90377,1,3,.63257,.1660621,.1368482,.0007477,.0008861,.0000831,.0001661,.0225127,.0331183,.00036,66,.0018276,63.68898,0,30.45995,16.389773,2.769086,8.307257999999999
PUNO,SAN ROMAN,2111,307417,344030,139,170295,831.47,43855,.14265639,21830.178,.07101162,102507.9,.33344904,33125,.10775266,72521,.87530914,146841,.47766064,.34654641,36996,.67633097,699,757,153,253,2080,14.29,499,1529,11.86,6578,754,134.97232,12,3.9034927,418,21,201,21,.92367496,24.90377,1,1,.5539544,.2359043,.1203447,.0022738,.0024625,.0004977,.000823,.0067661,.0213976,.0024527,2028,.0065969,135.9717,6.831112137585103,65.3835,16.389773,.3252911,.3252911
PUNO,SANDIA,2112,50742,56088,76,28886,469.45,16665,.32842616,6430.9764,.12673872,17340.887,.34174623,7310,.14406212,10858,.9273521,37019,.7295534299999999,.81307593,9846,.00515009,245,255,8,73,900,14.29,38,113,25.25,3340,158,4.2775456,3,5.912262,99,0,34,0,.92367496,24.90377,1,3,.569272,.2139845,.1940404,.0048283,.0050254,.0001577,.0014387,.0177368,.0658232,.0031138,151,.0029758,195.1046,0,67.00564,16.389773,1.970754,5.912262
PUNO,YUNGUYO,2113,36939,37116,41,26142,361.54,14488,.39221419,8292.145200000001,.22448212,9913.502399999999,.26837495,5840,.15809849,5599,.91860803,28692,.77674003,.68234458,5209,.99038888,52,198,6,64,229,14.29,26,99,3.23,1230,23,127.28369,1,2.7071659,43,0,26,0,.92367496,24.90377,1,1,.7077073,.1515742,.1410163,.0014077,.0053602,.0001624,.0017326,.0061994,.0332981,.0006226,125,.003384,116.4081,0,70.38630999999999,16.389773,2.707166,2.707166
SAN MARTIN,BELLAVISTA,2202,55033,60893,106,30994,725.35,17693,.32149801,4639.672,.08430709,22995.184,.41784355,4034,.07330147,6363,.03278151,567,.01030291,.62030101,9778,.0176777,427,1041,17,99,193,17.87,23,148,241.26,1718,1056,6.8356333,1,1.8170916,69,0,22,0,.98862362,18.80922,1,4,.5631894,.1156215,.1776752,.007759,.0189159,.0003089,.0017989,.003507,.0312176,.0191885,171,.0031072,125.3793,0,39.97601,15.6105611,1.817092,7.268366
SAN MARTIN,EL DORADO,2203,36752,42983,85,20596,443.5,14358,.39067262,3477.5772,.0946228,16757.386,.45595847,2162,.05882673,3617,.14191282,1148,.0312364,.6991604,6585,.42421184,173,429,13,42,47,17.87,15,90,65.11,757,174,28.311276,0,0,41,0,23,0,.98862362,18.80922,1,2,.5604049,.0984164,.1791739,.0047072,.0116728,.0003537,.0011428,.0012788,.0205975,.0047344,105,.002857,111.5586,0,62.58163,15.6105611,2.72094,5.441881
SAN MARTIN,HUALLAGA,2204,27506,30097,146,16008,583.04,9441,.3432342,3043.5228,.11064942,10591.798,.38507226,2512,.09132553,3347,.00965204,123,.00447175,.55862961,4880,.23804295,107,827,5,60,56,17.87,17,124,127.74,1864,123,11.553017,0,0,40,0,19,0,.98862362,18.80922,1,3,.5819820999999999,.1216825,.1774158,.0038901,.0300662,.0001818,.0021813,.0020359,.067767,.0044718,141,.0051262,145.4228,0,69.07584,15.6105611,3.635571,10.90671
SAN MARTIN,LAMAS,2205,81521,88637,116,46071,503.8,30182,.37023589,8975.864299999999,.11010493,32889.288,.40344559,7639,.09370592,9913,.14143036,3700,.04538708,.55295486,14896,.30058422,631,1044,31,120,50,17.87,55,385,368.3,387,761,16.172652,3,3.6800334,60,0,37,0,.98862362,18.80922,1,7,.5651427999999999,.1216006,.1827259,.0077403,.0128065,.0003803,.001472,.0006133,.0047472,.009335,440,.0053974,73.60066999999999,0,45.38708,15.6105611,1.226678,8.586743999999999
SAN MARTIN,MARISCAL CACERES,2206,64626,73193,135,36202,744.62,18458,.2856126,5805.5908,.08983367,25795.355,.39914825,5677,.0878439,9301,.03457559,517,.00799988,.48571603,10971,.05564366,414,1197,12,90,241,17.87,48,232,235.77,1342,1030,4.4573559,0,0,59,8,33,0,.98862362,18.80922,1,3,.560177,.1439204,.1697614,.0064061,.018522,.0001857,.0013926,.0037291,.0207656,.0159379,280,.0043326,91.29452999999999,12.37891870145143,51.06304,15.6105611,1.547365,4.642095
SAN MARTIN,MOYOBAMBA,2201,122365,133631,148,65973,833.5,34388,.28102807,11117.397,.09085439,48599.185,.39716573,9865,.08061946,21447,.03216893,1920,.01569076,.40976547,19718,.28270874,975,837,122,353,478,17.87,99,954,40.2,1411,885,32.437684,17,13.892862,177,26,122,1,.98862362,18.80922,1,9,.5391493000000001,.1752707,.1611408,.007968,.0068402,.000997,.0028848,.0039063,.0115311,.0072325,1053,.0086054,144.6492,21.24790585543252,99.70171000000001,15.6105611,.8172271,7.355044
SAN MARTIN,PICOTA,2207,40545,44039,101,23192,726.68,12949,.31937354,4117.9368,.1015646,16281.082,.40155586,3803,.09379702,4443,.03201163,347,.00855839,.58014615,6837,0,157,886,19,71,358,17.87,30,136,167.53,854,290,18.672199,4,9.865581499999999,45,0,24,0,.98862362,18.80922,1,8,.5720064,.1095819,.1686275,.0038722,.0218523,.0004686,.0017511,.0088297,.021063,.0071525,166,.0040942,110.9878,0,59.19349,15.6105611,2.466395,19.73116
SAN MARTIN,RIOJA,2208,122544,131651,114,70374,809.15,35072,.28619924,10176.056,.08304002,49371.616,.40288889,9585,.0782168,22545,.0443984,2726,.02224507,.40213612,21722,0,709,953,30,126,72,17.87,81,529,126.89,475,536,48.340066,9,7.3443008,146,19,54,0,.98862362,18.80922,1,8,.5742754,.1839747,.1772588,.0057857,.0077768,.0002448,.0010282,.0005875,.0038762,.0043739,610,.0049778,119.1409,15.50463506985246,44.0658,15.6105611,.8160334,6.528267
SAN MARTIN,SAN MARTIN,2209,193095,218074,161,100328,1177.56,34057,.17637432,19443.427,.10069358,65489.831,.3391586,19868,.10289236,34292,.06490662,3165,.0163909,.22299866,26738,0,1575,2397,906,581,786,17.87,996,3627,802.33,4535,1890,34.237795,32,16.572154,497,48,250,23,.98862362,18.80922,1,10,.5195785000000001,.1775913,.1384707,.0081566,.0124136,.004692,.0030089,.0040705,.0234858,.0097879,4623,.0239416,257.3863,24.85823040472307,129.47,15.6105611,.5178798,5.178798
SAN MARTIN,TOCACHE,2210,69394,76450,151,38405,952.75,18526,.26696833,6084.2427,.08767678,27130.483,.39096295,6735,.0970545,11123,.10056144,2717,.03915324,.40933702,10966,0,490,1097,10,162,653,17.87,49,295,20.31,1290,765,11.831077,2,2.8820936,79,4,50,2,.98862362,18.80922,1,2,.553434,.1602876,.1580252,.0070611,.0158083,.0001441,.0023345,.00941,.0185895,.011024,344,.0049572,113.8427,5.764187105513445,72.05234,15.6105611,1.441047,2.882094
TACNA,CANDARAVE,2302,6102,6093,123,3326,373.48,2216,.36315962,1354.5946,.2219919,1495.3607,.24506075,1018,.16683055,1018,.67478913,1958,.3208784,.86779942,848,0,4,136,3,28,22,13,1,24,0,1477,7,2.6986865,0,0,12,0,8,0,.98776184,18.38849,1,0,.5450672,.1668306,.1389708,.0006555,.0222878,.0004916,.0045887,.0036054,.2420518,.0011472,25,.004097,196.6568,0,131.1046,14.68846,16.38807,0
TACNA,JORGE BASADRE,2303,10773,12549,186,4256,1503.76,1461,.13561682,1232.3978,.1143969,3111.7292,.28884519,978,.09078251,1798,.30740629,1939,.179987,.33376835,1138,.69559024,17,197,0,123,120,13,4,19,26.62,1467,16,3.6846894,1,9.2824654,55,1,7,0,.98776184,18.38849,1,0,.3950617,.1668987,.1056345,.001578,.0182865,0,.0114174,.011139,.1361738,.0014852,23,.002135,510.5356,9.282465422816299,64.97726,14.68846,9.282465,0
TACNA,TACNA,2301,306363,346192,164,148133,1000.33,36852,.12028868,32533.789,.1061936,90876.42,.29662988,34239,.11175958,81326,.39754717,70949,.23158475,.24144307,38652,.10890727,918,6997,206,1715,1540,13,812,2512,308,32678,1933,37.498531,22,7.1810238,471,37,401,45,.98776184,18.38849,1,1,.4835212,.2654563,.1261641,.0029964,.0228389,.0006724,.0055979,.0050267,.1066643,.0063095,3324,.0108499,153.7392,12.0771764214347,130.8905,14.68846,.3264102,.3264102
TACNA,TARATA,2304,6094,6140,102,3381,439.72,1941,.31851001,1360.8954,.22331726,1353.6797,.2221332,1141,.18723334,1192,.47290097,1613,.26468658,.84645669,719,.04653826,17,258,1,16,29,13,16,15,28.52,1310,12,2.1610236,0,0,17,0,10,0,.98776184,18.38849,1,0,.554808,.1956022,.1179849,.0027896,.0423367,.0001641,.0026255,.0047588,.2149655,.0019692,31,.005087,278.9629,0,164.0958,14.68846,16.40958,0
TUMBES,CONTRALMIRANTE VILLAR,2402,21057,24127,178,11460,970.49,4250,.20183312,2209.4098,.10492519,7167.0567,.34036457,1637,.07774137,2949,.02120164,258,.01225246,.27369731,2905,.00629628,429,536,8,52,136,19.77,30,155,113.7,2317,314,9.917483799999999,0,0,30,0,23,0,.94559252,26.90568,2,1,.5442371,.1400484,.1379589,.0203733,.0254547,.0003799,.0024695,.0064587,.1100347,.0149119,185,.0087857,142.4704,0,109.2273,7.098515,9.498029000000001,4.749014
TUMBES,TUMBES,2401,154962,171356,180,85062,984.0599999999999,23869,.15403131,16684.442,.10766796,53695.428,.34650707,15340,.09899201,31001,.01886714,1198,.00773093,.26563439,23753,.32079174,1152,4443,128,368,96,19.77,313,1197,908,13260,1972,86.082826,23,14.842348,341,22,188,11,.94559252,26.90568,2,3,.5489216,.2000555,.1532827,.0074341,.0286715,.000826,.0023748,.0006195,.0855694,.0127257,1510,.0097443,220.054,14.19702894903267,121.3201,7.098515,1.290639,1.935959
TUMBES,ZARUMILLA,2403,48844,56038,183,26217,812.21,9104,.18638932,3880.1868,.0794404,19194.368,.39297289,3961,.08109491,9592,.02826421,380,.00777987,.41627703,8152,.40083467,352,944,13,122,26,19.77,75,339,228.29,3078,613,65.550978,5,10.236672,50,0,27,0,.94559252,26.90568,2,2,.5367497,.1963803,.1668987,.0072066,.0193268,.0002662,.0024977,.0005323,.063017,.0125502,414,.008476,102.3667,0,55.27803,7.098515,4.094669,4.094669
UCAYALI,ATALAYA,2502,49324,61049,100,29846,522.33,11813,.23949801,2619.4261,.05310652,28514.706,.57811017,2239,.04539372,7788,.60748474,23210,.470562,.31214445,9220,0,306,275,1,77,313,20.86,7,131,346.7,2083,365,1.2671733,3,6.0822318,57,4,18,0,.98494415,20.85801,1,1,.605101,.1578947,.1869273,.0062039,.0055754,.0000203,.0015611,.0063458,.042231,.0074,138,.0027978,115.5624,8.109642364771714,36.49339,5.206056,2.027411,2.027411
UCAYALI,CORONEL PORTILLO,2501,384168,447733,182,215758,865.52,57737,.15029102,35267.643,.09180266,160081.38,.41669629,33312,.08671206,86792,.09413337,29834,.07765873,.27568421,60380,.00801233,5935,3597,446,962,2332,20.86,1337,3586,284.9,11630,6598,10.601832,107,27.852398,715,41,367,20,.98494415,20.85801,1,1,.5616241,.225922,.1571708,.015449,.0093631,.001161,.0025041,.0060703,.0302732,.0171748,4923,.0128147,186.1165,10.67241415214177,95.53112,5.206056,.2603028,.2603028
UCAYALI,PADRE ABAD,2503,60107,77044,179,32376,642.34,16857,.28044986,4045.0892,.06729814,28416.19,.47276008,5078,.08448267,10655,.2041654,7737,.12872045,.33666533,9938,0,672,646,9,170,775,20.86,86,309,58.29,1755,739,6.8125354,1,1.6636997,66,0,41,0,.98494415,20.85801,1,1,.5386394,.1772672,.1653385,.0111801,.0107475,.0001497,.0028283,.0128937,.0291979,.0122947,395,.0065716,109.8042,0,68.21169,5.206056,1.6637,1.6637
UCAYALI,PURUS,2504,2860,3284,103,1908,551.6900000000001,2358,.82447552,190.02588,.06644262,1547.4447,.54106457,173,.06048951,428,.6878198599999999,1813,.63391608,.10688141,484,0,12,5,0,2,138,20.86,2,22,0,22,62,.16024204,0,0,9,0,2,0,.98494415,20.85801,1,0,.6671329,.1496504,.1692308,.0041958,.0017483,0,.0006993,.0482517,.0076923,.0216783,24,.0083916,314.6853,0,69.93007,5.206056,34.96503,0
